ID,Name
0f4f7275b1234127a43771293d707c5c,fionmul
3bea30b04eab480b8390ba55a4397ba0,Corey
42db3c63b69a4479bedfcc2d22a6b73a,Sam Ary
699c7b228f3b436880363c6d92c3976f,Peter Seeley 
6d8e32d102054531811ff5c8a625977c,judd.baker
80a489147c544db5a53c5cede65c4617,Joseph Harvey
9800e906592547f4ab0717aa56097b49,Edward James
98739434088f411e9e1918725eedb295,Brad Stalcup
b3c43885f6ce4e8b861545158a22b7a2,shea nowicki
c1b6888dec1e4113b65883ad590d3969,ared56
c8e8de6d21ac4bfba566bc0a8eeef629,Spicey Riche
f53f0969b04049b5ba39a303ebb3e987,SamRobertsND
fa6235d130204772808d133e528b8ad7,Claire
fc418ffeadb64c3f8e93a25fb942984f,Regina Scime
