Spotify URI,Voter ID,Created,Points Assigned,Comment,Round ID
spotify:track:0PsbWiVtix5FoTZ1s00mEl,42db3c63b69a4479bedfcc2d22a6b73a,2025-05-19T18:43:06Z,1,,b25a74d4f26c4cd59245c1410369859f
spotify:track:4RvWPyQ5RL0ao9LPZeSouE,42db3c63b69a4479bedfcc2d22a6b73a,2025-05-19T18:43:06Z,1,,b25a74d4f26c4cd59245c1410369859f
spotify:track:4U45aEWtQhrm8A5mxPaFZ7,42db3c63b69a4479bedfcc2d22a6b73a,2025-05-19T18:43:06Z,1,,b25a74d4f26c4cd59245c1410369859f
spotify:track:5vbmeDUNKTywjJkYK6uhby,42db3c63b69a4479bedfcc2d22a6b73a,2025-05-19T18:43:06Z,-1,,b25a74d4f26c4cd59245c1410369859f
spotify:track:4U45aEWtQhrm8A5mxPaFZ7,0f4f7275b1234127a43771293d707c5c,2025-05-19T20:54:18Z,1,🤍 This would cure me,b25a74d4f26c4cd59245c1410369859f
spotify:track:4RvWPyQ5RL0ao9LPZeSouE,0f4f7275b1234127a43771293d707c5c,2025-05-19T20:54:18Z,0,the 80s bias is coming thru this round ,b25a74d4f26c4cd59245c1410369859f
spotify:track:3MzjEIe5pjA1gFgS95bkdN,0f4f7275b1234127a43771293d707c5c,2025-05-19T20:54:18Z,0,I would sing this sweetly to a volleyball ,b25a74d4f26c4cd59245c1410369859f
spotify:track:2uBUld7UO6xYV8brnKW6Th,0f4f7275b1234127a43771293d707c5c,2025-05-19T20:54:18Z,-1,I listened to the whole thing and I did two duolingo lessons in different languages during  it since I was boreddd and it is STILL GOING.,b25a74d4f26c4cd59245c1410369859f
spotify:track:0U0p8weaMIbIFMJ0CPlvHV,0f4f7275b1234127a43771293d707c5c,2025-05-19T20:54:18Z,0,really good but alas few votes ,b25a74d4f26c4cd59245c1410369859f
spotify:track:1ykbtFnlIjmIFnZ8j6wg6i,0f4f7275b1234127a43771293d707c5c,2025-05-19T20:54:18Z,1,I would draw strength to somehow make my way home with this sort of soundtrack ,b25a74d4f26c4cd59245c1410369859f
spotify:track:0PsbWiVtix5FoTZ1s00mEl,0f4f7275b1234127a43771293d707c5c,2025-05-19T20:54:18Z,0,The keyboard sound would annoy me,b25a74d4f26c4cd59245c1410369859f
spotify:track:5vbmeDUNKTywjJkYK6uhby,0f4f7275b1234127a43771293d707c5c,2025-05-19T20:54:18Z,1,Crying at Thaxted. ,b25a74d4f26c4cd59245c1410369859f
spotify:track:5t9KYe0Fhd5cW6UYT4qP8f,0f4f7275b1234127a43771293d707c5c,2025-05-19T20:54:18Z,0,manifesting this sort of island ☀️🌞🕶️🌊🏝️👙⛱️ vs this sort 🦂🏜️🌵,b25a74d4f26c4cd59245c1410369859f
spotify:track:5vbmeDUNKTywjJkYK6uhby,c1b6888dec1e4113b65883ad590d3969,2025-05-19T21:20:36Z,2,,b25a74d4f26c4cd59245c1410369859f
spotify:track:1ykbtFnlIjmIFnZ8j6wg6i,c1b6888dec1e4113b65883ad590d3969,2025-05-19T21:20:36Z,1,,b25a74d4f26c4cd59245c1410369859f
spotify:track:7s8t7XXyyVscnr5lDLsPdA,c1b6888dec1e4113b65883ad590d3969,2025-05-19T21:20:36Z,-1,,b25a74d4f26c4cd59245c1410369859f
spotify:track:3MzjEIe5pjA1gFgS95bkdN,f53f0969b04049b5ba39a303ebb3e987,2025-05-19T22:08:41Z,0,"Credits music for 80s movie about delinquent teens, set in some Minnesota town called Amber Falls.",b25a74d4f26c4cd59245c1410369859f
spotify:track:4U45aEWtQhrm8A5mxPaFZ7,f53f0969b04049b5ba39a303ebb3e987,2025-05-19T22:08:41Z,0,A bop but not for this sadly,b25a74d4f26c4cd59245c1410369859f
spotify:track:5t9KYe0Fhd5cW6UYT4qP8f,f53f0969b04049b5ba39a303ebb3e987,2025-05-19T22:08:41Z,1,Fun in the sun!!!!,b25a74d4f26c4cd59245c1410369859f
spotify:track:5vbmeDUNKTywjJkYK6uhby,f53f0969b04049b5ba39a303ebb3e987,2025-05-19T22:08:41Z,0,"Thaxted is beautiful but the rest is Looney Tunes clown music, a very disjointed thing overall. Planets individually are nice but as a whole it’s messy.",b25a74d4f26c4cd59245c1410369859f
spotify:track:7s8t7XXyyVscnr5lDLsPdA,f53f0969b04049b5ba39a303ebb3e987,2025-05-19T22:08:41Z,0,Meh ,b25a74d4f26c4cd59245c1410369859f
spotify:track:4RvWPyQ5RL0ao9LPZeSouE,f53f0969b04049b5ba39a303ebb3e987,2025-05-19T22:08:41Z,1,The Ur heartbeat of generations old and young,b25a74d4f26c4cd59245c1410369859f
spotify:track:0PsbWiVtix5FoTZ1s00mEl,f53f0969b04049b5ba39a303ebb3e987,2025-05-19T22:08:41Z,0,“Twinks: The Great Adventure.” Good but not for this.,b25a74d4f26c4cd59245c1410369859f
spotify:track:0U0p8weaMIbIFMJ0CPlvHV,f53f0969b04049b5ba39a303ebb3e987,2025-05-19T22:08:41Z,1,"I’m a sucker for AF, dark carnival core, the theme music for immortal slutty men (Thranduil, Howl, Jareth, etc). Incredible beat.",b25a74d4f26c4cd59245c1410369859f
spotify:track:2uBUld7UO6xYV8brnKW6Th,f53f0969b04049b5ba39a303ebb3e987,2025-05-19T22:08:41Z,-1,This song sucks so badly. Made me want to bash my brains out against my steering wheel.,b25a74d4f26c4cd59245c1410369859f
spotify:track:3MzjEIe5pjA1gFgS95bkdN,9800e906592547f4ab0717aa56097b49,2025-05-19T22:18:05Z,0,Banger,b25a74d4f26c4cd59245c1410369859f
spotify:track:4RvWPyQ5RL0ao9LPZeSouE,9800e906592547f4ab0717aa56097b49,2025-05-19T22:18:05Z,1,"I already listened to this song repeatedly, so might as well keep it going forever",b25a74d4f26c4cd59245c1410369859f
spotify:track:4U45aEWtQhrm8A5mxPaFZ7,9800e906592547f4ab0717aa56097b49,2025-05-19T22:18:05Z,0,"Like it, but just wouldn’t pick it for the theme",b25a74d4f26c4cd59245c1410369859f
spotify:track:5t9KYe0Fhd5cW6UYT4qP8f,9800e906592547f4ab0717aa56097b49,2025-05-19T22:18:05Z,1,"Upbeat and beautiful enough to enjoy, and fittingly brutal, knowing you will never again feel the love of a woman",b25a74d4f26c4cd59245c1410369859f
spotify:track:7s8t7XXyyVscnr5lDLsPdA,9800e906592547f4ab0717aa56097b49,2025-05-19T22:18:05Z,0,"Very good, but didn’t fit the theme for me personally ",b25a74d4f26c4cd59245c1410369859f
spotify:track:0PsbWiVtix5FoTZ1s00mEl,9800e906592547f4ab0717aa56097b49,2025-05-19T22:18:05Z,1,"I have a colleague who went on a road trip during college and they started the trip with this song. One of them said oh man, I love this song. They then played it again as a joke and he said the same thing at the beginning. They then proceeded to play this song and only this song for the entire six hours of the road trip and at the start of each time, the guy would say oh man I love this song.",b25a74d4f26c4cd59245c1410369859f
spotify:track:0U0p8weaMIbIFMJ0CPlvHV,9800e906592547f4ab0717aa56097b49,2025-05-19T22:18:05Z,0,"This song is deeply Eddie coded, and despite the fact I do not like arcade fire, I actually really liked this song. Sadly they’re modern Canadians, and I just can’t encourage that sort of behavior.",b25a74d4f26c4cd59245c1410369859f
spotify:track:1ykbtFnlIjmIFnZ8j6wg6i,9800e906592547f4ab0717aa56097b49,2025-05-19T22:18:05Z,0,Too melancholic for endless desert Island listening,b25a74d4f26c4cd59245c1410369859f
spotify:track:2uBUld7UO6xYV8brnKW6Th,9800e906592547f4ab0717aa56097b49,2025-05-19T22:18:05Z,-1,I understand the idea behind picking a 15 minute song as the only one you’re gonna get to hear. But it’s gotta be a worthwhile 15 minutes.,b25a74d4f26c4cd59245c1410369859f
spotify:track:7s8t7XXyyVscnr5lDLsPdA,fa6235d130204772808d133e528b8ad7,2025-05-19T22:37:18Z,1,Sondheim supremacy,b25a74d4f26c4cd59245c1410369859f
spotify:track:0PsbWiVtix5FoTZ1s00mEl,fa6235d130204772808d133e528b8ad7,2025-05-19T22:37:18Z,1,,b25a74d4f26c4cd59245c1410369859f
spotify:track:3MzjEIe5pjA1gFgS95bkdN,fa6235d130204772808d133e528b8ad7,2025-05-19T22:37:18Z,-1,Good song but downvoting bc not the best Dennis deyoung song on this list,b25a74d4f26c4cd59245c1410369859f
spotify:track:5t9KYe0Fhd5cW6UYT4qP8f,fa6235d130204772808d133e528b8ad7,2025-05-19T22:37:18Z,0,Not sufficiently melancholy for a desert island (ie not melancholy at all),b25a74d4f26c4cd59245c1410369859f
spotify:track:5vbmeDUNKTywjJkYK6uhby,fa6235d130204772808d133e528b8ad7,2025-05-19T22:37:18Z,1,I am one of those basic hoes who cries to thaxted every time,b25a74d4f26c4cd59245c1410369859f
spotify:track:0PsbWiVtix5FoTZ1s00mEl,80a489147c544db5a53c5cede65c4617,2025-05-20T00:02:32Z,0,Takes a little too long to get to the point,b25a74d4f26c4cd59245c1410369859f
spotify:track:5t9KYe0Fhd5cW6UYT4qP8f,80a489147c544db5a53c5cede65c4617,2025-05-20T00:02:32Z,0,Very fun,b25a74d4f26c4cd59245c1410369859f
spotify:track:4RvWPyQ5RL0ao9LPZeSouE,80a489147c544db5a53c5cede65c4617,2025-05-20T00:02:32Z,1,Hard to go wrong,b25a74d4f26c4cd59245c1410369859f
spotify:track:7s8t7XXyyVscnr5lDLsPdA,80a489147c544db5a53c5cede65c4617,2025-05-20T00:02:32Z,2,Blew me away!,b25a74d4f26c4cd59245c1410369859f
spotify:track:0U0p8weaMIbIFMJ0CPlvHV,80a489147c544db5a53c5cede65c4617,2025-05-20T00:02:32Z,-1,"While I share the urbanist ideology of this song, it left no lasting impression on me",b25a74d4f26c4cd59245c1410369859f
spotify:track:0PsbWiVtix5FoTZ1s00mEl,e9ff1e5eb77849d4bc7e07958854fba2,2025-05-20T15:41:48Z,2,,b25a74d4f26c4cd59245c1410369859f
spotify:track:0U0p8weaMIbIFMJ0CPlvHV,e9ff1e5eb77849d4bc7e07958854fba2,2025-05-20T15:41:48Z,-1,,b25a74d4f26c4cd59245c1410369859f
spotify:track:4RvWPyQ5RL0ao9LPZeSouE,e9ff1e5eb77849d4bc7e07958854fba2,2025-05-20T15:41:48Z,1,,b25a74d4f26c4cd59245c1410369859f
spotify:track:4U45aEWtQhrm8A5mxPaFZ7,6d8e32d102054531811ff5c8a625977c,2025-05-20T15:58:55Z,2,Good choice,b25a74d4f26c4cd59245c1410369859f
spotify:track:0PsbWiVtix5FoTZ1s00mEl,6d8e32d102054531811ff5c8a625977c,2025-05-20T15:58:55Z,-1,This song takes 3 and a half minutes to start sounding like anything,b25a74d4f26c4cd59245c1410369859f
spotify:track:2uBUld7UO6xYV8brnKW6Th,6d8e32d102054531811ff5c8a625977c,2025-05-20T15:58:55Z,1,I thought I wouldn’t like it but in fact it was awesome,b25a74d4f26c4cd59245c1410369859f
spotify:track:5vbmeDUNKTywjJkYK6uhby,fc418ffeadb64c3f8e93a25fb942984f,2025-05-20T16:14:49Z,1,,b25a74d4f26c4cd59245c1410369859f
spotify:track:1ykbtFnlIjmIFnZ8j6wg6i,fc418ffeadb64c3f8e93a25fb942984f,2025-05-20T16:14:49Z,1,,b25a74d4f26c4cd59245c1410369859f
spotify:track:0U0p8weaMIbIFMJ0CPlvHV,fc418ffeadb64c3f8e93a25fb942984f,2025-05-20T16:14:49Z,-1,,b25a74d4f26c4cd59245c1410369859f
spotify:track:0PsbWiVtix5FoTZ1s00mEl,fc418ffeadb64c3f8e93a25fb942984f,2025-05-20T16:14:49Z,1,,b25a74d4f26c4cd59245c1410369859f
spotify:track:528QhCT2v3HgD71RmrSUNW,42db3c63b69a4479bedfcc2d22a6b73a,2025-05-20T21:30:28Z,1,,989f624d30e9466e8b8e3b31c29aed03
spotify:track:5l9IVZJmszi7imu3Uoflzr,42db3c63b69a4479bedfcc2d22a6b73a,2025-05-20T21:30:28Z,-1,,989f624d30e9466e8b8e3b31c29aed03
spotify:track:6naxalmIoLFWR0siv8dnQQ,42db3c63b69a4479bedfcc2d22a6b73a,2025-05-20T21:30:28Z,1,,989f624d30e9466e8b8e3b31c29aed03
spotify:track:7Ke2pX91o8sYw220ZY0whv,42db3c63b69a4479bedfcc2d22a6b73a,2025-05-20T21:30:28Z,1,,989f624d30e9466e8b8e3b31c29aed03
spotify:track:0mwbc2AqVHIziVGg3syEI9,0f4f7275b1234127a43771293d707c5c,2025-05-20T21:55:44Z,0,The vibe was close but lyrics weren't it for me (googling led to more confusion),989f624d30e9466e8b8e3b31c29aed03
spotify:track:1Cx3e2vETEQi7qiU1UcDev,0f4f7275b1234127a43771293d707c5c,2025-05-20T21:55:44Z,0,I didn't like it.,989f624d30e9466e8b8e3b31c29aed03
spotify:track:27tNWlhdAryQY04Gb2ZhUI,0f4f7275b1234127a43771293d707c5c,2025-05-20T21:55:44Z,0,not badass enough; too kosher.,989f624d30e9466e8b8e3b31c29aed03
spotify:track:528QhCT2v3HgD71RmrSUNW,0f4f7275b1234127a43771293d707c5c,2025-05-20T21:55:44Z,1,"see, this is it ",989f624d30e9466e8b8e3b31c29aed03
spotify:track:5dvjl2nhzcLM6NXzkpKDiL,0f4f7275b1234127a43771293d707c5c,2025-05-20T21:55:44Z,0,If you downvoted you hate women (if you're a woman it's within your rights),989f624d30e9466e8b8e3b31c29aed03
spotify:track:5l9IVZJmszi7imu3Uoflzr,0f4f7275b1234127a43771293d707c5c,2025-05-20T21:55:44Z,1,"Irish femme fatale, a fresh take and I liked it. You got my last vote.",989f624d30e9466e8b8e3b31c29aed03
spotify:track:5XeFesFbtLpXzIVDNQP22n,0f4f7275b1234127a43771293d707c5c,2025-05-20T21:55:44Z,0,the femme fatale don't give a shit about your simp-ass perspective; stay on-theme,989f624d30e9466e8b8e3b31c29aed03
spotify:track:6naxalmIoLFWR0siv8dnQQ,0f4f7275b1234127a43771293d707c5c,2025-05-20T21:55:44Z,1,"Britney is a bad girl summer icon forever and always. Stay Toxic, girls!",989f624d30e9466e8b8e3b31c29aed03
spotify:track:6Pd8HUW71iIjalkxJbo8FP,0f4f7275b1234127a43771293d707c5c,2025-05-20T21:55:44Z,0,Liked it more than I'll admit in-person but the yelling is just not bonita fo me boo,989f624d30e9466e8b8e3b31c29aed03
spotify:track:7Ke2pX91o8sYw220ZY0whv,0f4f7275b1234127a43771293d707c5c,2025-05-20T21:55:44Z,-1,"There are far better Spanish songs you could have chosen for this round, Judson. And for this reason I downvote to call you higher.",989f624d30e9466e8b8e3b31c29aed03
spotify:track:0mwbc2AqVHIziVGg3syEI9,9800e906592547f4ab0717aa56097b49,2025-05-20T22:16:10Z,0,Not fatale ,989f624d30e9466e8b8e3b31c29aed03
spotify:track:1Cx3e2vETEQi7qiU1UcDev,9800e906592547f4ab0717aa56097b49,2025-05-20T22:16:10Z,0,IMO there’s an important difference between the badass woman stereotype and the femme fatale ,989f624d30e9466e8b8e3b31c29aed03
spotify:track:27tNWlhdAryQY04Gb2ZhUI,9800e906592547f4ab0717aa56097b49,2025-05-20T22:16:10Z,-1,Absolutely not ,989f624d30e9466e8b8e3b31c29aed03
spotify:track:528QhCT2v3HgD71RmrSUNW,9800e906592547f4ab0717aa56097b49,2025-05-20T22:16:10Z,1,Perfection. Bravo. A testament to the genre ,989f624d30e9466e8b8e3b31c29aed03
spotify:track:5dvjl2nhzcLM6NXzkpKDiL,9800e906592547f4ab0717aa56097b49,2025-05-20T22:16:10Z,1,"Is Taylor Swift doing femme fatale cringe? Yes. Would work on me….yes 😔
Therefore I must upvote.",989f624d30e9466e8b8e3b31c29aed03
spotify:track:5l9IVZJmszi7imu3Uoflzr,9800e906592547f4ab0717aa56097b49,2025-05-20T22:16:10Z,0,Very good and on theme but just got beat out by others ,989f624d30e9466e8b8e3b31c29aed03
spotify:track:6naxalmIoLFWR0siv8dnQQ,9800e906592547f4ab0717aa56097b49,2025-05-20T22:16:10Z,1,"Came in expecting to dismiss this, but it’s too on theme. The casual indifference is the key. Also, never caught the titanic reference in the spoken word part. Very 2000",989f624d30e9466e8b8e3b31c29aed03
spotify:track:6Pd8HUW71iIjalkxJbo8FP,9800e906592547f4ab0717aa56097b49,2025-05-20T22:16:10Z,0,Nope,989f624d30e9466e8b8e3b31c29aed03
spotify:track:7Ke2pX91o8sYw220ZY0whv,9800e906592547f4ab0717aa56097b49,2025-05-20T22:16:10Z,0,"I love Ana Tijoux, but sorry Judd, lightning isn’t striking twice ",989f624d30e9466e8b8e3b31c29aed03
spotify:track:0mwbc2AqVHIziVGg3syEI9,c1b6888dec1e4113b65883ad590d3969,2025-05-20T23:09:22Z,0,"
",989f624d30e9466e8b8e3b31c29aed03
spotify:track:528QhCT2v3HgD71RmrSUNW,c1b6888dec1e4113b65883ad590d3969,2025-05-20T23:09:22Z,2,,989f624d30e9466e8b8e3b31c29aed03
spotify:track:5XeFesFbtLpXzIVDNQP22n,c1b6888dec1e4113b65883ad590d3969,2025-05-20T23:09:22Z,1,,989f624d30e9466e8b8e3b31c29aed03
spotify:track:6Pd8HUW71iIjalkxJbo8FP,c1b6888dec1e4113b65883ad590d3969,2025-05-20T23:09:22Z,-1,,989f624d30e9466e8b8e3b31c29aed03
spotify:track:0mwbc2AqVHIziVGg3syEI9,f53f0969b04049b5ba39a303ebb3e987,2025-05-20T23:45:02Z,-1,Reminds me of the shit that gets blasted into my ears by the gym speakers.,989f624d30e9466e8b8e3b31c29aed03
spotify:track:1Cx3e2vETEQi7qiU1UcDev,f53f0969b04049b5ba39a303ebb3e987,2025-05-20T23:45:02Z,1,Meatloaf’s distant descendant ,989f624d30e9466e8b8e3b31c29aed03
spotify:track:27tNWlhdAryQY04Gb2ZhUI,f53f0969b04049b5ba39a303ebb3e987,2025-05-20T23:45:02Z,0,"Hillary Clinton Rally-core, unfortunately played at Bengals games. Sung by women who protest too much methinks.",989f624d30e9466e8b8e3b31c29aed03
spotify:track:5dvjl2nhzcLM6NXzkpKDiL,f53f0969b04049b5ba39a303ebb3e987,2025-05-20T23:45:02Z,0,"Again, I don’t think “I’m a bad bitch, baby” is the vibe",989f624d30e9466e8b8e3b31c29aed03
spotify:track:5l9IVZJmszi7imu3Uoflzr,f53f0969b04049b5ba39a303ebb3e987,2025-05-20T23:45:02Z,0,"Wholesome but I want to hear the woman, not the dumb simps",989f624d30e9466e8b8e3b31c29aed03
spotify:track:5XeFesFbtLpXzIVDNQP22n,f53f0969b04049b5ba39a303ebb3e987,2025-05-20T23:45:02Z,0,"If you have to explain this much, the song doesn’t speak to the theme on its own well enough. I like the song, though.",989f624d30e9466e8b8e3b31c29aed03
spotify:track:6naxalmIoLFWR0siv8dnQQ,f53f0969b04049b5ba39a303ebb3e987,2025-05-20T23:45:02Z,1,Britney has probably caused many a fan suicide. Indeed fatal.,989f624d30e9466e8b8e3b31c29aed03
spotify:track:6Pd8HUW71iIjalkxJbo8FP,f53f0969b04049b5ba39a303ebb3e987,2025-05-20T23:45:02Z,0,When the girl who glanced at you during young adult event doesn’t ask you out afterwards.,989f624d30e9466e8b8e3b31c29aed03
spotify:track:7Ke2pX91o8sYw220ZY0whv,f53f0969b04049b5ba39a303ebb3e987,2025-05-20T23:45:02Z,1,Somewhere Peter’s students are booping to this while not doing his homework.,989f624d30e9466e8b8e3b31c29aed03
spotify:track:0mwbc2AqVHIziVGg3syEI9,6d8e32d102054531811ff5c8a625977c,2025-05-21T02:06:45Z,2,This was so good,989f624d30e9466e8b8e3b31c29aed03
spotify:track:27tNWlhdAryQY04Gb2ZhUI,6d8e32d102054531811ff5c8a625977c,2025-05-21T02:06:45Z,0,It’s missing the fatale imo,989f624d30e9466e8b8e3b31c29aed03
spotify:track:5XeFesFbtLpXzIVDNQP22n,6d8e32d102054531811ff5c8a625977c,2025-05-21T02:06:45Z,0,Lyrically I think I get it but this doesn’t *sound* like a femme fatale song,989f624d30e9466e8b8e3b31c29aed03
spotify:track:6naxalmIoLFWR0siv8dnQQ,6d8e32d102054531811ff5c8a625977c,2025-05-21T02:06:45Z,1,Can’t resist upvoting,989f624d30e9466e8b8e3b31c29aed03
spotify:track:6Pd8HUW71iIjalkxJbo8FP,6d8e32d102054531811ff5c8a625977c,2025-05-21T02:06:45Z,-1,I liked zero percent of this,989f624d30e9466e8b8e3b31c29aed03
spotify:track:27tNWlhdAryQY04Gb2ZhUI,fa6235d130204772808d133e528b8ad7,2025-05-21T02:41:01Z,0,This song is girlboss but not sufficiently gaslight or gatekeep ,989f624d30e9466e8b8e3b31c29aed03
spotify:track:5dvjl2nhzcLM6NXzkpKDiL,fa6235d130204772808d133e528b8ad7,2025-05-21T02:41:01Z,1,Yep this unquestionably fits the theme,989f624d30e9466e8b8e3b31c29aed03
spotify:track:5l9IVZJmszi7imu3Uoflzr,fa6235d130204772808d133e528b8ad7,2025-05-21T02:41:01Z,1,She was the blueprint,989f624d30e9466e8b8e3b31c29aed03
spotify:track:5XeFesFbtLpXzIVDNQP22n,fa6235d130204772808d133e528b8ad7,2025-05-21T02:41:01Z,-1,10/10 song but the lyrics are also perfectly compatible with the girl being utterly wholesome and the guy just being a hopeless romantic (or a simp),989f624d30e9466e8b8e3b31c29aed03
spotify:track:6Pd8HUW71iIjalkxJbo8FP,fa6235d130204772808d133e528b8ad7,2025-05-21T02:41:01Z,0,I don’t have any more votes left but excellent song,989f624d30e9466e8b8e3b31c29aed03
spotify:track:7Ke2pX91o8sYw220ZY0whv,fa6235d130204772808d133e528b8ad7,2025-05-21T02:41:01Z,1,Not clear that this is femme fatale energy but the caption merits an upvote ,989f624d30e9466e8b8e3b31c29aed03
spotify:track:0mwbc2AqVHIziVGg3syEI9,80a489147c544db5a53c5cede65c4617,2025-05-21T03:24:14Z,0,Too goofy to be fatale,989f624d30e9466e8b8e3b31c29aed03
spotify:track:1Cx3e2vETEQi7qiU1UcDev,80a489147c544db5a53c5cede65c4617,2025-05-21T03:24:14Z,0,Let’s let this sound stay in the 80s shall we,989f624d30e9466e8b8e3b31c29aed03
spotify:track:27tNWlhdAryQY04Gb2ZhUI,80a489147c544db5a53c5cede65c4617,2025-05-21T03:24:14Z,-1,This song is a violation of the Geneva conventions,989f624d30e9466e8b8e3b31c29aed03
spotify:track:528QhCT2v3HgD71RmrSUNW,80a489147c544db5a53c5cede65c4617,2025-05-21T03:24:14Z,2,YES! Someone understood the assignment as they say,989f624d30e9466e8b8e3b31c29aed03
spotify:track:5dvjl2nhzcLM6NXzkpKDiL,80a489147c544db5a53c5cede65c4617,2025-05-21T03:24:14Z,1,🎯,989f624d30e9466e8b8e3b31c29aed03
spotify:track:5XeFesFbtLpXzIVDNQP22n,80a489147c544db5a53c5cede65c4617,2025-05-21T03:24:14Z,0,Less F150 commercial than most AM but it’s not enough  ,989f624d30e9466e8b8e3b31c29aed03
spotify:track:5dvjl2nhzcLM6NXzkpKDiL,e9ff1e5eb77849d4bc7e07958854fba2,2025-05-21T12:49:54Z,-1,,989f624d30e9466e8b8e3b31c29aed03
spotify:track:6naxalmIoLFWR0siv8dnQQ,e9ff1e5eb77849d4bc7e07958854fba2,2025-05-21T12:49:54Z,1,,989f624d30e9466e8b8e3b31c29aed03
spotify:track:6Pd8HUW71iIjalkxJbo8FP,e9ff1e5eb77849d4bc7e07958854fba2,2025-05-21T12:49:54Z,2,,989f624d30e9466e8b8e3b31c29aed03
spotify:track:0mwbc2AqVHIziVGg3syEI9,fc418ffeadb64c3f8e93a25fb942984f,2025-05-21T14:11:46Z,-1,,989f624d30e9466e8b8e3b31c29aed03
spotify:track:1Cx3e2vETEQi7qiU1UcDev,fc418ffeadb64c3f8e93a25fb942984f,2025-05-21T14:11:46Z,1,,989f624d30e9466e8b8e3b31c29aed03
spotify:track:528QhCT2v3HgD71RmrSUNW,fc418ffeadb64c3f8e93a25fb942984f,2025-05-21T14:11:46Z,1,,989f624d30e9466e8b8e3b31c29aed03
spotify:track:5dvjl2nhzcLM6NXzkpKDiL,fc418ffeadb64c3f8e93a25fb942984f,2025-05-21T14:11:46Z,1,,989f624d30e9466e8b8e3b31c29aed03
spotify:track:1tTPC0hsnXq1IGpvWY54JC,42db3c63b69a4479bedfcc2d22a6b73a,2025-05-21T19:02:54Z,1,Only song that comes close to Kickstart my Heart,0756ea3c962f4ea9801539864f89e056
spotify:track:5GpEHUNI0T7L7H3DnAaBXh,42db3c63b69a4479bedfcc2d22a6b73a,2025-05-21T19:02:54Z,-1,"Ending does go somewhat hard, however I feel like I would only want to drive fast to this song after a breakup when I don’t have the emotional bandwidth to understand that speeding won’t be good for me in that moment. Cheers.",0756ea3c962f4ea9801539864f89e056
spotify:track:5Hyr47BBGpvOfcykSCcaw9,42db3c63b69a4479bedfcc2d22a6b73a,2025-05-21T19:02:54Z,1,Nice.,0756ea3c962f4ea9801539864f89e056
spotify:track:6UGHk2cmbDC1oidVjXcCKo,42db3c63b69a4479bedfcc2d22a6b73a,2025-05-21T19:02:54Z,1,Rush makes me want to rush on the road.,0756ea3c962f4ea9801539864f89e056
spotify:track:0eZvCQAK6hsPSlcfqzREvB,0f4f7275b1234127a43771293d707c5c,2025-05-21T19:19:24Z,1,"""corvette"" ""like a really fast crazy car"" ""a hotdog truck""",0756ea3c962f4ea9801539864f89e056
spotify:track:1I7JVzjG70FM9NrgSY5von,0f4f7275b1234127a43771293d707c5c,2025-05-21T19:19:24Z,0,"""it sounds like a bike"" ""banjo""",0756ea3c962f4ea9801539864f89e056
spotify:track:1tTPC0hsnXq1IGpvWY54JC,0f4f7275b1234127a43771293d707c5c,2025-05-21T19:19:24Z,1,"""race car"" ""it's a monster truck"" ""putting on sunglasses in a huge truck""",0756ea3c962f4ea9801539864f89e056
spotify:track:2hdNya0b6Cc2YJ8IyaQIWp,0f4f7275b1234127a43771293d707c5c,2025-05-21T19:19:24Z,0,"""riding a horse"" ""a really old pickup truck like back in like the 80s""",0756ea3c962f4ea9801539864f89e056
spotify:track:4W4zfoBdq1SFnKusEoWt26,0f4f7275b1234127a43771293d707c5c,2025-05-21T19:19:24Z,-1,"""a honda civic"" ""I know! a punchbuggy""",0756ea3c962f4ea9801539864f89e056
spotify:track:4Yqy0GpeDEXLibWJCZyQew,0f4f7275b1234127a43771293d707c5c,2025-05-21T19:19:24Z,0,"""that's racecar"" ""another monster truck"" ""that's definitely a monster truck""",0756ea3c962f4ea9801539864f89e056
spotify:track:5GpEHUNI0T7L7H3DnAaBXh,0f4f7275b1234127a43771293d707c5c,2025-05-21T19:19:24Z,0,"""uh uh"" ""it sounds like a limo"" *thumbs down* *vehement head shaking*",0756ea3c962f4ea9801539864f89e056
spotify:track:5Hyr47BBGpvOfcykSCcaw9,0f4f7275b1234127a43771293d707c5c,2025-05-21T19:19:24Z,1,"""ferrari, definitely ferrari "" ""somebody having a really good day like Gru having a good day"" ",0756ea3c962f4ea9801539864f89e056
spotify:track:5YJtMNWKe55yr49cyJgxva,0f4f7275b1234127a43771293d707c5c,2025-05-21T19:19:24Z,0,"""cybertruck"" ",0756ea3c962f4ea9801539864f89e056
spotify:track:6UGHk2cmbDC1oidVjXcCKo,0f4f7275b1234127a43771293d707c5c,2025-05-21T19:19:24Z,0,"""corvette"" ""a car without any top"" ""that's called a convertible""",0756ea3c962f4ea9801539864f89e056
spotify:track:0eZvCQAK6hsPSlcfqzREvB,9800e906592547f4ab0717aa56097b49,2025-05-21T21:41:28Z,0,Entirely neutral on this one ,0756ea3c962f4ea9801539864f89e056
spotify:track:1I7JVzjG70FM9NrgSY5von,9800e906592547f4ab0717aa56097b49,2025-05-21T21:41:28Z,0,Banger but doesn’t fit the theme for me ,0756ea3c962f4ea9801539864f89e056
spotify:track:1tTPC0hsnXq1IGpvWY54JC,9800e906592547f4ab0717aa56097b49,2025-05-21T21:41:28Z,1,Hell yeah (1),0756ea3c962f4ea9801539864f89e056
spotify:track:2hdNya0b6Cc2YJ8IyaQIWp,9800e906592547f4ab0717aa56097b49,2025-05-21T21:41:28Z,0,"This is superb cruisin’ music, but it is not speeding music ",0756ea3c962f4ea9801539864f89e056
spotify:track:4W4zfoBdq1SFnKusEoWt26,9800e906592547f4ab0717aa56097b49,2025-05-21T21:41:28Z,0,"Much love to Jeremy Renner, glad he made it through the snowplow thing. The music equivalent of the Marvel content he pumps out. Not a bad song, surprisingly good, but on principle can’t vote for a Jeremy Renner song. It also has 0 edge to it, which is essential imo. ",0756ea3c962f4ea9801539864f89e056
spotify:track:4Yqy0GpeDEXLibWJCZyQew,9800e906592547f4ab0717aa56097b49,2025-05-21T21:41:28Z,1,Hell yeah (2),0756ea3c962f4ea9801539864f89e056
spotify:track:5GpEHUNI0T7L7H3DnAaBXh,9800e906592547f4ab0717aa56097b49,2025-05-21T21:41:28Z,-1,"The first minute of this song is so transcendently beautiful and describes a feeling I pray each and every one of us gets to encounter. But then it takes a steep nosedive when the guy joins in and never recovers. Also, not on theme vibe-wise imo. Earns the downvote only because of how much that guy annoyed me. ",0756ea3c962f4ea9801539864f89e056
spotify:track:5Hyr47BBGpvOfcykSCcaw9,9800e906592547f4ab0717aa56097b49,2025-05-21T21:41:28Z,1,Hell yeah (3) ,0756ea3c962f4ea9801539864f89e056
spotify:track:5YJtMNWKe55yr49cyJgxva,9800e906592547f4ab0717aa56097b49,2025-05-21T21:41:28Z,0,Would be perfect music for speeding around on a poorly animated cloud in an early 2000s music video. Not perfect for actual speeding ,0756ea3c962f4ea9801539864f89e056
spotify:track:0eZvCQAK6hsPSlcfqzREvB,6d8e32d102054531811ff5c8a625977c,2025-05-21T22:04:32Z,1,I’m not sure if this is the best submission for the theme but it is my favorite ,0756ea3c962f4ea9801539864f89e056
spotify:track:1I7JVzjG70FM9NrgSY5von,6d8e32d102054531811ff5c8a625977c,2025-05-21T22:04:32Z,1,I was surprised by how much I enjoyed speeding to this,0756ea3c962f4ea9801539864f89e056
spotify:track:4W4zfoBdq1SFnKusEoWt26,6d8e32d102054531811ff5c8a625977c,2025-05-21T22:04:32Z,-1,"Too much stomp and clap, not enough pedal to the metal ",0756ea3c962f4ea9801539864f89e056
spotify:track:5GpEHUNI0T7L7H3DnAaBXh,6d8e32d102054531811ff5c8a625977c,2025-05-21T22:04:32Z,0,Thematically I see it but I can’t see myself speeding to this,0756ea3c962f4ea9801539864f89e056
spotify:track:5Hyr47BBGpvOfcykSCcaw9,6d8e32d102054531811ff5c8a625977c,2025-05-21T22:04:32Z,1,Strong contender,0756ea3c962f4ea9801539864f89e056
spotify:track:0eZvCQAK6hsPSlcfqzREvB,f53f0969b04049b5ba39a303ebb3e987,2025-05-21T22:19:11Z,0,Nice but it doesn’t really make me want to speed???? Spiritus mundi ,0756ea3c962f4ea9801539864f89e056
spotify:track:1I7JVzjG70FM9NrgSY5von,f53f0969b04049b5ba39a303ebb3e987,2025-05-21T22:19:11Z,0,"The Great Northern Alex (Chungus Akroniensus) sits on the porch of his Appalachian cabin, taking pot shots at lost Ravens with his over under 12 gauge while drinking factory made “Moonshine”",0756ea3c962f4ea9801539864f89e056
spotify:track:1tTPC0hsnXq1IGpvWY54JC,f53f0969b04049b5ba39a303ebb3e987,2025-05-21T22:19:11Z,1,Objectively good but Master of Puppets would’ve been better,0756ea3c962f4ea9801539864f89e056
spotify:track:2hdNya0b6Cc2YJ8IyaQIWp,f53f0969b04049b5ba39a303ebb3e987,2025-05-21T22:19:11Z,0,Jeff Lynne is one of the masters but this song doesn’t fit the theme ,0756ea3c962f4ea9801539864f89e056
spotify:track:4W4zfoBdq1SFnKusEoWt26,f53f0969b04049b5ba39a303ebb3e987,2025-05-21T22:19:11Z,0,"I didn’t know Renner also sang, he has a nice voice!! Anyway, Harbor Freight commercial music ",0756ea3c962f4ea9801539864f89e056
spotify:track:4Yqy0GpeDEXLibWJCZyQew,f53f0969b04049b5ba39a303ebb3e987,2025-05-21T22:19:11Z,1,"The archetype for this category. If you’re a Millennial, you better be voting for this, as it was probably responsible for your conception.",0756ea3c962f4ea9801539864f89e056
spotify:track:5GpEHUNI0T7L7H3DnAaBXh,f53f0969b04049b5ba39a303ebb3e987,2025-05-21T22:19:11Z,-1,"I’m sure Joseph is shedding tears onto the keyboard of his Assbook Pro while listening to and voting for Lizzy, but not me. This is speeding music for the Villages, Florida’s Friendliest Home Town.",0756ea3c962f4ea9801539864f89e056
spotify:track:5YJtMNWKe55yr49cyJgxva,f53f0969b04049b5ba39a303ebb3e987,2025-05-21T22:19:11Z,1,Euro pop prelude to a solid wraparound a tree in your leased Lexus going 110mph.,0756ea3c962f4ea9801539864f89e056
spotify:track:6UGHk2cmbDC1oidVjXcCKo,f53f0969b04049b5ba39a303ebb3e987,2025-05-21T22:19:11Z,0,We haven’t hit the Joseph category yet.,0756ea3c962f4ea9801539864f89e056
spotify:track:1I7JVzjG70FM9NrgSY5von,80a489147c544db5a53c5cede65c4617,2025-05-21T23:26:25Z,1,"Frantic is the word, and for this theme it works",0756ea3c962f4ea9801539864f89e056
spotify:track:1tTPC0hsnXq1IGpvWY54JC,80a489147c544db5a53c5cede65c4617,2025-05-21T23:26:25Z,-1,Not a fan of boomer metal,0756ea3c962f4ea9801539864f89e056
spotify:track:2hdNya0b6Cc2YJ8IyaQIWp,80a489147c544db5a53c5cede65c4617,2025-05-21T23:26:25Z,0,"Lovely song, poor fit",0756ea3c962f4ea9801539864f89e056
spotify:track:4W4zfoBdq1SFnKusEoWt26,80a489147c544db5a53c5cede65c4617,2025-05-21T23:26:25Z,0,Eh,0756ea3c962f4ea9801539864f89e056
spotify:track:4Yqy0GpeDEXLibWJCZyQew,80a489147c544db5a53c5cede65c4617,2025-05-21T23:26:25Z,2,"Road tested, Miata approved. Great soundtrack to breaking the law",0756ea3c962f4ea9801539864f89e056
spotify:track:5GpEHUNI0T7L7H3DnAaBXh,80a489147c544db5a53c5cede65c4617,2025-05-21T23:26:25Z,0,Absolutely love this song but it encouraged me to set the cruise at 35 mph ,0756ea3c962f4ea9801539864f89e056
spotify:track:5Hyr47BBGpvOfcykSCcaw9,80a489147c544db5a53c5cede65c4617,2025-05-21T23:26:25Z,0,"Almost, but the length of the song drags ",0756ea3c962f4ea9801539864f89e056
spotify:track:5YJtMNWKe55yr49cyJgxva,80a489147c544db5a53c5cede65c4617,2025-05-21T23:26:25Z,0,I feel like I’m slowly losing my sanity,0756ea3c962f4ea9801539864f89e056
spotify:track:6UGHk2cmbDC1oidVjXcCKo,80a489147c544db5a53c5cede65c4617,2025-05-21T23:26:25Z,0,"Not intense enough for speeding music, but total classic",0756ea3c962f4ea9801539864f89e056
spotify:track:2hdNya0b6Cc2YJ8IyaQIWp,c1b6888dec1e4113b65883ad590d3969,2025-05-21T23:50:36Z,-1,,0756ea3c962f4ea9801539864f89e056
spotify:track:4Yqy0GpeDEXLibWJCZyQew,c1b6888dec1e4113b65883ad590d3969,2025-05-21T23:50:36Z,1,,0756ea3c962f4ea9801539864f89e056
spotify:track:5Hyr47BBGpvOfcykSCcaw9,c1b6888dec1e4113b65883ad590d3969,2025-05-21T23:50:36Z,1,,0756ea3c962f4ea9801539864f89e056
spotify:track:5YJtMNWKe55yr49cyJgxva,c1b6888dec1e4113b65883ad590d3969,2025-05-21T23:50:36Z,1,,0756ea3c962f4ea9801539864f89e056
spotify:track:0eZvCQAK6hsPSlcfqzREvB,fc418ffeadb64c3f8e93a25fb942984f,2025-05-22T00:11:34Z,1,A truly transcendent experience,0756ea3c962f4ea9801539864f89e056
spotify:track:1I7JVzjG70FM9NrgSY5von,fc418ffeadb64c3f8e93a25fb942984f,2025-05-22T00:11:34Z,-1,The varying tempi made me feel like I was having a stroke,0756ea3c962f4ea9801539864f89e056
spotify:track:1tTPC0hsnXq1IGpvWY54JC,fc418ffeadb64c3f8e93a25fb942984f,2025-05-22T00:11:34Z,1,,0756ea3c962f4ea9801539864f89e056
spotify:track:4Yqy0GpeDEXLibWJCZyQew,fc418ffeadb64c3f8e93a25fb942984f,2025-05-22T00:11:34Z,0,"I liked this, but not enough upvotes:(",0756ea3c962f4ea9801539864f89e056
spotify:track:5Hyr47BBGpvOfcykSCcaw9,fc418ffeadb64c3f8e93a25fb942984f,2025-05-22T00:11:34Z,0,Not enough upvotes:(,0756ea3c962f4ea9801539864f89e056
spotify:track:5YJtMNWKe55yr49cyJgxva,fc418ffeadb64c3f8e93a25fb942984f,2025-05-22T00:11:34Z,0,Will always be down to dance to this,0756ea3c962f4ea9801539864f89e056
spotify:track:6UGHk2cmbDC1oidVjXcCKo,fc418ffeadb64c3f8e93a25fb942984f,2025-05-22T00:11:34Z,1,"Freaking loved this!! Good words, good music!",0756ea3c962f4ea9801539864f89e056
spotify:track:1I7JVzjG70FM9NrgSY5von,fa6235d130204772808d133e528b8ad7,2025-05-22T02:43:14Z,1,Never heard this song before but can absolutely imagine myself speeding to it,0756ea3c962f4ea9801539864f89e056
spotify:track:2hdNya0b6Cc2YJ8IyaQIWp,fa6235d130204772808d133e528b8ad7,2025-05-22T02:43:14Z,0,Love ELO but this just wasn’t giving speeding ¯\_(ツ)_/¯ ,0756ea3c962f4ea9801539864f89e056
spotify:track:4W4zfoBdq1SFnKusEoWt26,fa6235d130204772808d133e528b8ad7,2025-05-22T02:43:14Z,0,I knew this man had an app but I had no idea he could sing too,0756ea3c962f4ea9801539864f89e056
spotify:track:4Yqy0GpeDEXLibWJCZyQew,fa6235d130204772808d133e528b8ad7,2025-05-22T02:43:14Z,1,10/10 would speed to this,0756ea3c962f4ea9801539864f89e056
spotify:track:5GpEHUNI0T7L7H3DnAaBXh,fa6235d130204772808d133e528b8ad7,2025-05-22T02:43:14Z,-1,"Good song but despite the fact that it is about reckless driving, I would not drive recklessly while listening to it",0756ea3c962f4ea9801539864f89e056
spotify:track:5Hyr47BBGpvOfcykSCcaw9,fa6235d130204772808d133e528b8ad7,2025-05-22T02:43:14Z,1,"Sammy Roberts: known Shrek 2 enjoyer. Unfortunately for my competitive chances, this song is a generational banger (not to mention the fact that I sang it in footloose the musical in 2019). I have no choice but to upvote",0756ea3c962f4ea9801539864f89e056
spotify:track:6UGHk2cmbDC1oidVjXcCKo,fa6235d130204772808d133e528b8ad7,2025-05-22T02:43:14Z,0,Rip to Neil Peart the goat,0756ea3c962f4ea9801539864f89e056
spotify:track:1I7JVzjG70FM9NrgSY5von,e9ff1e5eb77849d4bc7e07958854fba2,2025-05-22T02:54:35Z,-1,,0756ea3c962f4ea9801539864f89e056
spotify:track:4Yqy0GpeDEXLibWJCZyQew,e9ff1e5eb77849d4bc7e07958854fba2,2025-05-22T02:54:35Z,3,,0756ea3c962f4ea9801539864f89e056
spotify:track:0pSU2FXTmbfKh2wEVSOeg6,80a489147c544db5a53c5cede65c4617,2025-05-22T18:33:27Z,0,"Good song, but kind of an unsatisfying arrangement. The king may need to look into getting better singers",ea6a2c6750ff47ed95b7fbf7597a4079
spotify:track:2GYHyAoLWpkxLVa4oYTVko,80a489147c544db5a53c5cede65c4617,2025-05-22T18:33:27Z,-1,Uh what,ea6a2c6750ff47ed95b7fbf7597a4079
spotify:track:3dP0pLbg9OfVwssDjp9aT0,80a489147c544db5a53c5cede65c4617,2025-05-22T18:33:27Z,0,Mmmm this is great and resonates on several levels. It was almost enough ,ea6a2c6750ff47ed95b7fbf7597a4079
spotify:track:49fTxURuKeFsBJfoK71AaM,80a489147c544db5a53c5cede65c4617,2025-05-22T18:33:27Z,0,Best bass tone of all time,ea6a2c6750ff47ed95b7fbf7597a4079
spotify:track:5vtOJrmovXGxGsnAck694H,80a489147c544db5a53c5cede65c4617,2025-05-22T18:33:27Z,0,"Love that it’s a Sting song, but it’s not clear to me what this cover adds and it fails to earn the extra minute of runtime over the original. ",ea6a2c6750ff47ed95b7fbf7597a4079
spotify:track:6T0sEnqjmHISIKwFETeeiP,80a489147c544db5a53c5cede65c4617,2025-05-22T18:33:27Z,0,This is music as lyrics delivery mechanism. Taylor has done much better - maybe this one should have stayed in the vault,ea6a2c6750ff47ed95b7fbf7597a4079
spotify:track:6YQqZMLSYbseMGxbh79lCf,80a489147c544db5a53c5cede65c4617,2025-05-22T18:33:27Z,1,Oh my gosh yes. Thank you Corey for introducing me to jungle. This track has everything you could possibly ask for,ea6a2c6750ff47ed95b7fbf7597a4079
spotify:track:7oGCVuPEyp6m6DhXkU5Pfs,80a489147c544db5a53c5cede65c4617,2025-05-22T18:33:27Z,2,Giant soaring chorus? Pop infused metalcore? Unrequited love?? Claire understood the assignment. ,ea6a2c6750ff47ed95b7fbf7597a4079
spotify:track:3dP0pLbg9OfVwssDjp9aT0,fa6235d130204772808d133e528b8ad7,2025-05-22T18:44:30Z,0,I love this song but it doesn’t feel maximally Joseph coded so didn’t get a vote,ea6a2c6750ff47ed95b7fbf7597a4079
spotify:track:3yev8y1jQ7Y7i8zQ5hBlgo,fa6235d130204772808d133e528b8ad7,2025-05-22T18:44:30Z,0,This scratches my indie pop brain,ea6a2c6750ff47ed95b7fbf7597a4079
spotify:track:49fTxURuKeFsBJfoK71AaM,fa6235d130204772808d133e528b8ad7,2025-05-22T18:44:30Z,1,Hell yeah,ea6a2c6750ff47ed95b7fbf7597a4079
spotify:track:5vtOJrmovXGxGsnAck694H,fa6235d130204772808d133e528b8ad7,2025-05-22T18:44:30Z,-1,This is cheating bc it’s not sting but it’s also sting,ea6a2c6750ff47ed95b7fbf7597a4079
spotify:track:6T0sEnqjmHISIKwFETeeiP,fa6235d130204772808d133e528b8ad7,2025-05-22T18:44:30Z,0,Devastating lyrics but Joseph probably doesn’t care 💅,ea6a2c6750ff47ed95b7fbf7597a4079
spotify:track:6YQqZMLSYbseMGxbh79lCf,fa6235d130204772808d133e528b8ad7,2025-05-22T18:44:30Z,0,Funky but idk if I see the vision here,ea6a2c6750ff47ed95b7fbf7597a4079
spotify:track:6z9ehfxE973fOlKJKNJL2x,fa6235d130204772808d133e528b8ad7,2025-05-22T18:44:30Z,1,"This feels like a Joseph vibe and also I loooooove midnight oil, whoever submitted this is my goat",ea6a2c6750ff47ed95b7fbf7597a4079
spotify:track:0pSU2FXTmbfKh2wEVSOeg6,fa6235d130204772808d133e528b8ad7,2025-05-22T18:44:30Z,1,The harmonies in this are so good and we know Joseph loves a good harmony,ea6a2c6750ff47ed95b7fbf7597a4079
spotify:track:2GYHyAoLWpkxLVa4oYTVko,fa6235d130204772808d133e528b8ad7,2025-05-22T18:44:30Z,0,JH europop era. I see the vision,ea6a2c6750ff47ed95b7fbf7597a4079
spotify:track:3dP0pLbg9OfVwssDjp9aT0,fc418ffeadb64c3f8e93a25fb942984f,2025-05-22T19:09:02Z,-1,I would be *mostly* surprised if Joseph hasn’t heard this before,ea6a2c6750ff47ed95b7fbf7597a4079
spotify:track:49fTxURuKeFsBJfoK71AaM,fc418ffeadb64c3f8e93a25fb942984f,2025-05-22T19:09:02Z,3,I can hear him singing this,ea6a2c6750ff47ed95b7fbf7597a4079
spotify:track:2GYHyAoLWpkxLVa4oYTVko,f53f0969b04049b5ba39a303ebb3e987,2025-05-22T19:12:59Z,0,"French Riviera Joseph, sweat drenching through his purple button up shirt, dancing his heart away in a discothek, making small talk with a beautiful, hair swoop Ukrainian girl who will spike his Scotch and steal his kidney. ",ea6a2c6750ff47ed95b7fbf7597a4079
spotify:track:3dP0pLbg9OfVwssDjp9aT0,f53f0969b04049b5ba39a303ebb3e987,2025-05-22T19:12:59Z,0,"Very true, Eddie, very true. He has the muscles for it. ",ea6a2c6750ff47ed95b7fbf7597a4079
spotify:track:3yev8y1jQ7Y7i8zQ5hBlgo,f53f0969b04049b5ba39a303ebb3e987,2025-05-22T19:12:59Z,0,Idk this doesn’t resonate with anything I know about his tastes,ea6a2c6750ff47ed95b7fbf7597a4079
spotify:track:49fTxURuKeFsBJfoK71AaM,f53f0969b04049b5ba39a303ebb3e987,2025-05-22T19:12:59Z,1,This is what Joseph’s music sounds like to me,ea6a2c6750ff47ed95b7fbf7597a4079
spotify:track:5vtOJrmovXGxGsnAck694H,f53f0969b04049b5ba39a303ebb3e987,2025-05-22T19:12:59Z,-1,"Cop out with a cover, you rat bastard. Nice cover, though.",ea6a2c6750ff47ed95b7fbf7597a4079
spotify:track:6T0sEnqjmHISIKwFETeeiP,f53f0969b04049b5ba39a303ebb3e987,2025-05-22T19:12:59Z,0,Fiona doing the Alex BNL bit but with Taylor.,ea6a2c6750ff47ed95b7fbf7597a4079
spotify:track:6YQqZMLSYbseMGxbh79lCf,f53f0969b04049b5ba39a303ebb3e987,2025-05-22T19:12:59Z,1,I think this more accurately pins down Joseph’s basic musical principles more than any other song on here.,ea6a2c6750ff47ed95b7fbf7597a4079
spotify:track:6z9ehfxE973fOlKJKNJL2x,f53f0969b04049b5ba39a303ebb3e987,2025-05-22T19:12:59Z,0,I wanted to vote for this but I have a distinct memory of Joseph not like Talking Heads or other new wave bands. Or that he’s indifferent to most of them except for the Police for whatever strange reason. So no vote.,ea6a2c6750ff47ed95b7fbf7597a4079
spotify:track:7oGCVuPEyp6m6DhXkU5Pfs,f53f0969b04049b5ba39a303ebb3e987,2025-05-22T19:12:59Z,1,Yeah this sounds like the bullshit I have to listen to on the way home from Saint Joe Mish ,ea6a2c6750ff47ed95b7fbf7597a4079
spotify:track:0pSU2FXTmbfKh2wEVSOeg6,6d8e32d102054531811ff5c8a625977c,2025-05-22T19:16:06Z,1,Good song and I think Joseph would like but it’s just not as memorable. Still upvoting for diversity in interpreting the theme tho,ea6a2c6750ff47ed95b7fbf7597a4079
spotify:track:2GYHyAoLWpkxLVa4oYTVko,6d8e32d102054531811ff5c8a625977c,2025-05-22T19:16:06Z,0,Brave choice,ea6a2c6750ff47ed95b7fbf7597a4079
spotify:track:3yev8y1jQ7Y7i8zQ5hBlgo,6d8e32d102054531811ff5c8a625977c,2025-05-22T19:16:06Z,0,I’m curious to hear the canonical judgment on this one because I’m just not seeing it,ea6a2c6750ff47ed95b7fbf7597a4079
spotify:track:49fTxURuKeFsBJfoK71AaM,6d8e32d102054531811ff5c8a625977c,2025-05-22T19:16:06Z,2,7+ minutes of prog-ish metal with high register male vocals and a whole 1 minute of Dune soundtrack outro. Diagnostic specimen of the Josephcore genre  ,ea6a2c6750ff47ed95b7fbf7597a4079
spotify:track:5vtOJrmovXGxGsnAck694H,6d8e32d102054531811ff5c8a625977c,2025-05-22T19:16:06Z,-1,I suppose this counts but it still feels like cheating ,ea6a2c6750ff47ed95b7fbf7597a4079
spotify:track:6YQqZMLSYbseMGxbh79lCf,6d8e32d102054531811ff5c8a625977c,2025-05-22T19:16:06Z,0,This put me to sleep which probably means Joseph would love it ,ea6a2c6750ff47ed95b7fbf7597a4079
spotify:track:3dP0pLbg9OfVwssDjp9aT0,c1b6888dec1e4113b65883ad590d3969,2025-05-22T19:43:39Z,-1,,ea6a2c6750ff47ed95b7fbf7597a4079
spotify:track:6YQqZMLSYbseMGxbh79lCf,c1b6888dec1e4113b65883ad590d3969,2025-05-22T19:43:39Z,1,,ea6a2c6750ff47ed95b7fbf7597a4079
spotify:track:6z9ehfxE973fOlKJKNJL2x,c1b6888dec1e4113b65883ad590d3969,2025-05-22T19:43:39Z,1,,ea6a2c6750ff47ed95b7fbf7597a4079
spotify:track:7oGCVuPEyp6m6DhXkU5Pfs,c1b6888dec1e4113b65883ad590d3969,2025-05-22T19:43:39Z,1,,ea6a2c6750ff47ed95b7fbf7597a4079
spotify:track:0pSU2FXTmbfKh2wEVSOeg6,9800e906592547f4ab0717aa56097b49,2025-05-22T19:46:42Z,0,Joseph’s English blood will only allow him the appropriate amount of enjoyment here. Impossible for it to ascend to the necessary heights to unseat other options. ,ea6a2c6750ff47ed95b7fbf7597a4079
spotify:track:2GYHyAoLWpkxLVa4oYTVko,9800e906592547f4ab0717aa56097b49,2025-05-22T19:46:42Z,-1,"This song sucks, and is made worse by the Zoo Tycoon type noises constantly blaring in the background. ",ea6a2c6750ff47ed95b7fbf7597a4079
spotify:track:3yev8y1jQ7Y7i8zQ5hBlgo,9800e906592547f4ab0717aa56097b49,2025-05-22T19:46:42Z,0,Meh,ea6a2c6750ff47ed95b7fbf7597a4079
spotify:track:49fTxURuKeFsBJfoK71AaM,9800e906592547f4ab0717aa56097b49,2025-05-22T19:46:42Z,2,"This to me is the type of music Joseph strives to make. It’s a dangerous statement, but in persona Joseph I must trust my instinct and reward. ",ea6a2c6750ff47ed95b7fbf7597a4079
spotify:track:5vtOJrmovXGxGsnAck694H,9800e906592547f4ab0717aa56097b49,2025-05-22T19:46:42Z,0,Joseph would find this pleasant and nothing more imo ,ea6a2c6750ff47ed95b7fbf7597a4079
spotify:track:6T0sEnqjmHISIKwFETeeiP,9800e906592547f4ab0717aa56097b49,2025-05-22T19:46:42Z,0,"This person correctly identifies in their song choice and in their description that Joseph is an indecipherable fan of girl pop. The 1000s of inputs that spit out love or hatred at the end of that algorithm are entirely unknowable. Based on the single mention of astrology, I am willing to bet this falls into the “no” category. ",ea6a2c6750ff47ed95b7fbf7597a4079
spotify:track:6YQqZMLSYbseMGxbh79lCf,9800e906592547f4ab0717aa56097b49,2025-05-22T19:46:42Z,0,To me this is not a song Joseph would like. BUT it gets an honorable mention for perfectly presenting what I imagine Joseph’s internal monologue to be: constant drum and bass tracking interrupted only by thoughts like “other world lifeforms” and “a new era of scientific technology” ,ea6a2c6750ff47ed95b7fbf7597a4079
spotify:track:6z9ehfxE973fOlKJKNJL2x,9800e906592547f4ab0717aa56097b49,2025-05-22T19:46:42Z,1,"I see exactly what you’re doing, and you clearly did too. I am not sure if this is an artist specific Joseph love, or a genre specific love. However, given the paucity of other options, I give it one vote. ",ea6a2c6750ff47ed95b7fbf7597a4079
spotify:track:7oGCVuPEyp6m6DhXkU5Pfs,9800e906592547f4ab0717aa56097b49,2025-05-22T19:46:42Z,0,This guy has the bad version of millennial voice. ,ea6a2c6750ff47ed95b7fbf7597a4079
spotify:track:0pSU2FXTmbfKh2wEVSOeg6,0f4f7275b1234127a43771293d707c5c,2025-05-22T19:54:56Z,0,the lack of effort in this selection is relatable but yeah… lacking ,ea6a2c6750ff47ed95b7fbf7597a4079
spotify:track:2GYHyAoLWpkxLVa4oYTVko,0f4f7275b1234127a43771293d707c5c,2025-05-22T19:54:56Z,1,Joseph has never been up in the club and it shows ,ea6a2c6750ff47ed95b7fbf7597a4079
spotify:track:3dP0pLbg9OfVwssDjp9aT0,0f4f7275b1234127a43771293d707c5c,2025-05-22T19:54:56Z,0,ok so fair but this isn’t even the one to pick from this act ,ea6a2c6750ff47ed95b7fbf7597a4079
spotify:track:3yev8y1jQ7Y7i8zQ5hBlgo,0f4f7275b1234127a43771293d707c5c,2025-05-22T19:54:56Z,0,i had to go listen to Judy You Hung the Moon after this to remind myself of their song that I actually like ,ea6a2c6750ff47ed95b7fbf7597a4079
spotify:track:49fTxURuKeFsBJfoK71AaM,0f4f7275b1234127a43771293d707c5c,2025-05-22T19:54:56Z,0,joseph would like this but hasn’t he heard it? probably ,ea6a2c6750ff47ed95b7fbf7597a4079
spotify:track:5vtOJrmovXGxGsnAck694H,0f4f7275b1234127a43771293d707c5c,2025-05-22T19:54:56Z,1,a relief after the last one. pretty ✨,ea6a2c6750ff47ed95b7fbf7597a4079
spotify:track:6T0sEnqjmHISIKwFETeeiP,0f4f7275b1234127a43771293d707c5c,2025-05-22T19:54:56Z,0,yeah i care about lyrics sorry not sorry ,ea6a2c6750ff47ed95b7fbf7597a4079
spotify:track:6YQqZMLSYbseMGxbh79lCf,0f4f7275b1234127a43771293d707c5c,2025-05-22T19:54:56Z,-1,stressful. no. is this even music?,ea6a2c6750ff47ed95b7fbf7597a4079
spotify:track:6z9ehfxE973fOlKJKNJL2x,0f4f7275b1234127a43771293d707c5c,2025-05-22T19:54:56Z,0,this is cool ,ea6a2c6750ff47ed95b7fbf7597a4079
spotify:track:7oGCVuPEyp6m6DhXkU5Pfs,0f4f7275b1234127a43771293d707c5c,2025-05-22T19:54:56Z,1,love this actually ,ea6a2c6750ff47ed95b7fbf7597a4079
spotify:track:0pSU2FXTmbfKh2wEVSOeg6,e9ff1e5eb77849d4bc7e07958854fba2,2025-05-22T22:23:01Z,1,,ea6a2c6750ff47ed95b7fbf7597a4079
spotify:track:49fTxURuKeFsBJfoK71AaM,e9ff1e5eb77849d4bc7e07958854fba2,2025-05-22T22:23:01Z,2,,ea6a2c6750ff47ed95b7fbf7597a4079
spotify:track:6T0sEnqjmHISIKwFETeeiP,e9ff1e5eb77849d4bc7e07958854fba2,2025-05-22T22:23:01Z,-1,,ea6a2c6750ff47ed95b7fbf7597a4079
spotify:track:0pSU2FXTmbfKh2wEVSOeg6,42db3c63b69a4479bedfcc2d22a6b73a,2025-05-22T23:49:16Z,1,,ea6a2c6750ff47ed95b7fbf7597a4079
spotify:track:2GYHyAoLWpkxLVa4oYTVko,42db3c63b69a4479bedfcc2d22a6b73a,2025-05-22T23:49:16Z,-1,,ea6a2c6750ff47ed95b7fbf7597a4079
spotify:track:6z9ehfxE973fOlKJKNJL2x,42db3c63b69a4479bedfcc2d22a6b73a,2025-05-22T23:49:16Z,1,,ea6a2c6750ff47ed95b7fbf7597a4079
spotify:track:7oGCVuPEyp6m6DhXkU5Pfs,42db3c63b69a4479bedfcc2d22a6b73a,2025-05-22T23:49:16Z,1,,ea6a2c6750ff47ed95b7fbf7597a4079
spotify:track:17UX08N8zQIX3DMTBY1kKN,fa6235d130204772808d133e528b8ad7,2025-05-23T16:05:28Z,0,Enjoyed this one a lot musically but title wasn’t wild enough to secure a top spot for me,43ac61c69de24b1f89f88c1c951206ff
spotify:track:1auxYwYrFRqZP7t3s7w4um,fa6235d130204772808d133e528b8ad7,2025-05-23T16:05:28Z,0,Hate to say it but this song is just so good. Title also goes hard but not hard enough to make my top 3 unfortunately ,43ac61c69de24b1f89f88c1c951206ff
spotify:track:2Od0KYNvyuJF56fDFdcvfw,fa6235d130204772808d133e528b8ad7,2025-05-23T16:05:28Z,1,Yeah this title is excellent. No notes,43ac61c69de24b1f89f88c1c951206ff
spotify:track:2QOB5UiRKggr2j9uMD3GYK,fa6235d130204772808d133e528b8ad7,2025-05-23T16:05:28Z,0,I promise I love America and I also love Jon batiste but title didn’t do it for me ,43ac61c69de24b1f89f88c1c951206ff
spotify:track:3YfS47QufnLDFA71FUsgCM,fa6235d130204772808d133e528b8ad7,2025-05-23T16:05:28Z,-1,10/10 song but just didn’t feel like the title was off the wall enough,43ac61c69de24b1f89f88c1c951206ff
spotify:track:5YlCqOgTTwuaUaeTXDC6kP,fa6235d130204772808d133e528b8ad7,2025-05-23T16:05:28Z,0,Fun but it’s too much of a caricature of a death metal title rather than a truly meaningful aesthetic choice (I recognize that that’s the point but just didn’t merit top 3 for me) ,43ac61c69de24b1f89f88c1c951206ff
spotify:track:0BX3ysoHJvxmLEhPMAfb2z,fa6235d130204772808d133e528b8ad7,2025-05-23T16:05:28Z,1,This song is so fun,43ac61c69de24b1f89f88c1c951206ff
spotify:track:7hZ4ZIoR71mncCssQGg1Ok,fa6235d130204772808d133e528b8ad7,2025-05-23T16:05:28Z,0,My honorable mention. Great song. I thought about doing a smiths/Morrissey song but was worried you guys would all be lame smiths haters,43ac61c69de24b1f89f88c1c951206ff
spotify:track:0VTQQh0dXlKRGsglMG28Us,fa6235d130204772808d133e528b8ad7,2025-05-23T16:05:28Z,1,"Unhinged title, unhinged story. What a song",43ac61c69de24b1f89f88c1c951206ff
spotify:track:0VTQQh0dXlKRGsglMG28Us,6d8e32d102054531811ff5c8a625977c,2025-05-23T16:16:26Z,2,To help out the Congolese I too would become a vengeful headless spirit ,43ac61c69de24b1f89f88c1c951206ff
spotify:track:5YlCqOgTTwuaUaeTXDC6kP,6d8e32d102054531811ff5c8a625977c,2025-05-23T16:16:26Z,0,Golly are they deathly allergic to melody or something,43ac61c69de24b1f89f88c1c951206ff
spotify:track:3YfS47QufnLDFA71FUsgCM,6d8e32d102054531811ff5c8a625977c,2025-05-23T16:16:26Z,-1,This song goes the opposite of hard in some ways (still love it tho),43ac61c69de24b1f89f88c1c951206ff
spotify:track:2Od0KYNvyuJF56fDFdcvfw,6d8e32d102054531811ff5c8a625977c,2025-05-23T16:16:26Z,1,Yawn-  take the upvote and go,43ac61c69de24b1f89f88c1c951206ff
spotify:track:1auxYwYrFRqZP7t3s7w4um,6d8e32d102054531811ff5c8a625977c,2025-05-23T16:16:26Z,0,I had never heard this song all the way through before and it’s just unforgivably goofy ,43ac61c69de24b1f89f88c1c951206ff
spotify:track:17UX08N8zQIX3DMTBY1kKN,6d8e32d102054531811ff5c8a625977c,2025-05-23T16:16:26Z,0,This song gave me a heart they can’t medicate ,43ac61c69de24b1f89f88c1c951206ff
spotify:track:5YlCqOgTTwuaUaeTXDC6kP,80a489147c544db5a53c5cede65c4617,2025-05-23T16:20:48Z,1,"Absurd title, meh song, upvote",43ac61c69de24b1f89f88c1c951206ff
spotify:track:02Wse1w8jxhXo5T7kRXgIe,80a489147c544db5a53c5cede65c4617,2025-05-23T16:20:48Z,1,Yes,43ac61c69de24b1f89f88c1c951206ff
spotify:track:0BX3ysoHJvxmLEhPMAfb2z,80a489147c544db5a53c5cede65c4617,2025-05-23T16:20:48Z,0,This is the kind of metal I find painful to listen to and not in a good way,43ac61c69de24b1f89f88c1c951206ff
spotify:track:0VTQQh0dXlKRGsglMG28Us,80a489147c544db5a53c5cede65c4617,2025-05-23T16:20:48Z,0,Left zero impression on me,43ac61c69de24b1f89f88c1c951206ff
spotify:track:17UX08N8zQIX3DMTBY1kKN,80a489147c544db5a53c5cede65c4617,2025-05-23T16:20:48Z,0,I can see what they’re going for,43ac61c69de24b1f89f88c1c951206ff
spotify:track:2QOB5UiRKggr2j9uMD3GYK,80a489147c544db5a53c5cede65c4617,2025-05-23T16:20:48Z,-1,,43ac61c69de24b1f89f88c1c951206ff
spotify:track:7hZ4ZIoR71mncCssQGg1Ok,80a489147c544db5a53c5cede65c4617,2025-05-23T16:20:48Z,1,Not a good song but title gets it,43ac61c69de24b1f89f88c1c951206ff
spotify:track:5YlCqOgTTwuaUaeTXDC6kP,0f4f7275b1234127a43771293d707c5c,2025-05-23T16:21:00Z,1,nice.,43ac61c69de24b1f89f88c1c951206ff
spotify:track:02Wse1w8jxhXo5T7kRXgIe,0f4f7275b1234127a43771293d707c5c,2025-05-23T16:21:00Z,0,slaps frankly ,43ac61c69de24b1f89f88c1c951206ff
spotify:track:0BX3ysoHJvxmLEhPMAfb2z,0f4f7275b1234127a43771293d707c5c,2025-05-23T16:21:00Z,0,song went hard fs ,43ac61c69de24b1f89f88c1c951206ff
spotify:track:0VTQQh0dXlKRGsglMG28Us,0f4f7275b1234127a43771293d707c5c,2025-05-23T16:21:00Z,-1,not going too hard to me,43ac61c69de24b1f89f88c1c951206ff
spotify:track:17UX08N8zQIX3DMTBY1kKN,0f4f7275b1234127a43771293d707c5c,2025-05-23T16:21:00Z,1,no oxford comma is disappointing but this was a really good submission.,43ac61c69de24b1f89f88c1c951206ff
spotify:track:1auxYwYrFRqZP7t3s7w4um,0f4f7275b1234127a43771293d707c5c,2025-05-23T16:21:00Z,0,✌🏿not as hard as possible but have to be somewhat ladylike,43ac61c69de24b1f89f88c1c951206ff
spotify:track:2Od0KYNvyuJF56fDFdcvfw,0f4f7275b1234127a43771293d707c5c,2025-05-23T16:21:00Z,1,ok yeah 🔥 voice is a bit scraggly tho ,43ac61c69de24b1f89f88c1c951206ff
spotify:track:2QOB5UiRKggr2j9uMD3GYK,0f4f7275b1234127a43771293d707c5c,2025-05-23T16:21:00Z,0,Regina my patriotic little angel ❤️🤍💙,43ac61c69de24b1f89f88c1c951206ff
spotify:track:3YfS47QufnLDFA71FUsgCM,0f4f7275b1234127a43771293d707c5c,2025-05-23T16:21:00Z,0,Disturbed version goes harder tho,43ac61c69de24b1f89f88c1c951206ff
spotify:track:7hZ4ZIoR71mncCssQGg1Ok,0f4f7275b1234127a43771293d707c5c,2025-05-23T16:21:00Z,0,mid,43ac61c69de24b1f89f88c1c951206ff
spotify:track:3YfS47QufnLDFA71FUsgCM,f53f0969b04049b5ba39a303ebb3e987,2025-05-23T16:21:41Z,1,The Disturbed cover goes harder but they could only do so with a hard song to begin with.,43ac61c69de24b1f89f88c1c951206ff
spotify:track:5YlCqOgTTwuaUaeTXDC6kP,f53f0969b04049b5ba39a303ebb3e987,2025-05-23T16:21:41Z,1,"Cheating is submitting a Sting song for a Joseph category. As long as the name and song go hard, I’m in.",43ac61c69de24b1f89f88c1c951206ff
spotify:track:7hZ4ZIoR71mncCssQGg1Ok,f53f0969b04049b5ba39a303ebb3e987,2025-05-23T16:21:41Z,0,Meh,43ac61c69de24b1f89f88c1c951206ff
spotify:track:2QOB5UiRKggr2j9uMD3GYK,f53f0969b04049b5ba39a303ebb3e987,2025-05-23T16:21:41Z,-1,You might’ve been spared but for the comment.,43ac61c69de24b1f89f88c1c951206ff
spotify:track:2Od0KYNvyuJF56fDFdcvfw,f53f0969b04049b5ba39a303ebb3e987,2025-05-23T16:21:41Z,0,"Went so hard that it annoyed me. You had your time, Joseph",43ac61c69de24b1f89f88c1c951206ff
spotify:track:1auxYwYrFRqZP7t3s7w4um,f53f0969b04049b5ba39a303ebb3e987,2025-05-23T16:21:41Z,0,I love this song but title doesn’t go hard thank you for playing try again next week.,43ac61c69de24b1f89f88c1c951206ff
spotify:track:0VTQQh0dXlKRGsglMG28Us,f53f0969b04049b5ba39a303ebb3e987,2025-05-23T16:21:41Z,1,"Norwegian ghosts gunning down people, doesn’t get harder or more Sammycore than that ",43ac61c69de24b1f89f88c1c951206ff
spotify:track:0BX3ysoHJvxmLEhPMAfb2z,f53f0969b04049b5ba39a303ebb3e987,2025-05-23T16:21:41Z,0,"Wow, the title and song go pretty hard😮‍💨?? It’s almost as if that was the point or something! Good but would’ve been better for the speeding category.",43ac61c69de24b1f89f88c1c951206ff
spotify:track:02Wse1w8jxhXo5T7kRXgIe,f53f0969b04049b5ba39a303ebb3e987,2025-05-23T16:21:41Z,0,Crass is not the same thing as hard but it’s also a funny song that more people should know about. I pass over it.,43ac61c69de24b1f89f88c1c951206ff
spotify:track:02Wse1w8jxhXo5T7kRXgIe,9800e906592547f4ab0717aa56097b49,2025-05-23T16:54:15Z,1,Hehehe bad word funny ,43ac61c69de24b1f89f88c1c951206ff
spotify:track:0BX3ysoHJvxmLEhPMAfb2z,9800e906592547f4ab0717aa56097b49,2025-05-23T16:54:15Z,0,Thought about this for the speeding category ,43ac61c69de24b1f89f88c1c951206ff
spotify:track:17UX08N8zQIX3DMTBY1kKN,9800e906592547f4ab0717aa56097b49,2025-05-23T16:54:15Z,-1,Not a hard enough title for what I then had to listen to. ,43ac61c69de24b1f89f88c1c951206ff
spotify:track:1auxYwYrFRqZP7t3s7w4um,9800e906592547f4ab0717aa56097b49,2025-05-23T16:54:15Z,1,"Bumps. Interesting read of the category, I like it. ",43ac61c69de24b1f89f88c1c951206ff
spotify:track:2QOB5UiRKggr2j9uMD3GYK,9800e906592547f4ab0717aa56097b49,2025-05-23T16:54:15Z,0,Great song….but that’s a no from me dog ,43ac61c69de24b1f89f88c1c951206ff
spotify:track:3YfS47QufnLDFA71FUsgCM,9800e906592547f4ab0717aa56097b49,2025-05-23T16:54:15Z,0,This is a good read of the category. Hard in terms of poignancy.,43ac61c69de24b1f89f88c1c951206ff
spotify:track:5YlCqOgTTwuaUaeTXDC6kP,9800e906592547f4ab0717aa56097b49,2025-05-23T16:54:15Z,1,This is the only song that got me based on title alone lol. ,43ac61c69de24b1f89f88c1c951206ff
spotify:track:7hZ4ZIoR71mncCssQGg1Ok,9800e906592547f4ab0717aa56097b49,2025-05-23T16:54:15Z,0,Eh ,43ac61c69de24b1f89f88c1c951206ff
spotify:track:1auxYwYrFRqZP7t3s7w4um,c1b6888dec1e4113b65883ad590d3969,2025-05-23T16:54:33Z,2,,43ac61c69de24b1f89f88c1c951206ff
spotify:track:2Od0KYNvyuJF56fDFdcvfw,c1b6888dec1e4113b65883ad590d3969,2025-05-23T16:54:33Z,-1,So tough! So edgy! I’m sure these people are hardcore!,43ac61c69de24b1f89f88c1c951206ff
spotify:track:2QOB5UiRKggr2j9uMD3GYK,c1b6888dec1e4113b65883ad590d3969,2025-05-23T16:54:33Z,1,,43ac61c69de24b1f89f88c1c951206ff
spotify:track:5YlCqOgTTwuaUaeTXDC6kP,c1b6888dec1e4113b65883ad590d3969,2025-05-23T16:54:33Z,0,Sounded like a super smash bros intro,43ac61c69de24b1f89f88c1c951206ff
spotify:track:1auxYwYrFRqZP7t3s7w4um,e9ff1e5eb77849d4bc7e07958854fba2,2025-05-23T17:44:01Z,1,,43ac61c69de24b1f89f88c1c951206ff
spotify:track:2Od0KYNvyuJF56fDFdcvfw,e9ff1e5eb77849d4bc7e07958854fba2,2025-05-23T17:44:01Z,2,,43ac61c69de24b1f89f88c1c951206ff
spotify:track:2QOB5UiRKggr2j9uMD3GYK,e9ff1e5eb77849d4bc7e07958854fba2,2025-05-23T17:44:01Z,-1,,43ac61c69de24b1f89f88c1c951206ff
spotify:track:02Wse1w8jxhXo5T7kRXgIe,fc418ffeadb64c3f8e93a25fb942984f,2025-05-23T18:48:57Z,1,Just yes.,43ac61c69de24b1f89f88c1c951206ff
spotify:track:0BX3ysoHJvxmLEhPMAfb2z,fc418ffeadb64c3f8e93a25fb942984f,2025-05-23T18:48:57Z,2,,43ac61c69de24b1f89f88c1c951206ff
spotify:track:0VTQQh0dXlKRGsglMG28Us,fc418ffeadb64c3f8e93a25fb942984f,2025-05-23T18:48:57Z,-1,"Good lyrics, and I honestly think the music fits. But if I heard this song, I wouldn’t describe it as “goes hard”",43ac61c69de24b1f89f88c1c951206ff
spotify:track:02Wse1w8jxhXo5T7kRXgIe,42db3c63b69a4479bedfcc2d22a6b73a,2025-05-23T18:51:02Z,1,,43ac61c69de24b1f89f88c1c951206ff
spotify:track:17UX08N8zQIX3DMTBY1kKN,42db3c63b69a4479bedfcc2d22a6b73a,2025-05-23T18:51:02Z,-1,,43ac61c69de24b1f89f88c1c951206ff
spotify:track:1auxYwYrFRqZP7t3s7w4um,42db3c63b69a4479bedfcc2d22a6b73a,2025-05-23T18:51:02Z,1,,43ac61c69de24b1f89f88c1c951206ff
spotify:track:5YlCqOgTTwuaUaeTXDC6kP,42db3c63b69a4479bedfcc2d22a6b73a,2025-05-23T18:51:02Z,1,,43ac61c69de24b1f89f88c1c951206ff
spotify:track:0hveAq1VSNWo9MQYGMHvFF,0f4f7275b1234127a43771293d707c5c,2025-05-24T16:10:59Z,0,Lonesome fella and sad boy are different to me ,4121153547a94bdf972d7e6c9231f149
spotify:track:2fuYa3Lx06QQJAm0MjztKr,0f4f7275b1234127a43771293d707c5c,2025-05-24T16:10:59Z,0,a wee bit boring innit ,4121153547a94bdf972d7e6c9231f149
spotify:track:4efSiM29EdkOZvmoMq4FhM,0f4f7275b1234127a43771293d707c5c,2025-05-24T16:10:59Z,-1,ew,4121153547a94bdf972d7e6c9231f149
spotify:track:50M7nY1oQuNHecs0ahWAtI,0f4f7275b1234127a43771293d707c5c,2025-05-24T16:10:59Z,1,the background guitar alone was enough for me ,4121153547a94bdf972d7e6c9231f149
spotify:track:51c94ac31swyDQj9B3Lzs3,0f4f7275b1234127a43771293d707c5c,2025-05-24T16:10:59Z,0,mmm but this song scared my niece ,4121153547a94bdf972d7e6c9231f149
spotify:track:53TIOhzNpRpl8xKdscSQSv,0f4f7275b1234127a43771293d707c5c,2025-05-24T16:10:59Z,0,😿,4121153547a94bdf972d7e6c9231f149
spotify:track:5bsnLiT00hG37qd8p2jdVl,0f4f7275b1234127a43771293d707c5c,2025-05-24T16:10:59Z,1,I like dis,4121153547a94bdf972d7e6c9231f149
spotify:track:6700Z4Izi8EbB6JNthU6Ma,0f4f7275b1234127a43771293d707c5c,2025-05-24T16:10:59Z,1,mmm I am a sucker for Lew sometimes ,4121153547a94bdf972d7e6c9231f149
spotify:track:6NGi23FFKq9tH5NR1NcTw2,0f4f7275b1234127a43771293d707c5c,2025-05-24T16:10:59Z,0,I wish I had more votes this round bro ,4121153547a94bdf972d7e6c9231f149
spotify:track:6w8pFOKn42O418qwcQElZ3,0f4f7275b1234127a43771293d707c5c,2025-05-24T16:10:59Z,0,this ends the first episode of Riverdale and that’s how i found it back in 2018 or something ,4121153547a94bdf972d7e6c9231f149
spotify:track:0hveAq1VSNWo9MQYGMHvFF,6d8e32d102054531811ff5c8a625977c,2025-05-24T19:47:28Z,0,"I like the interpretation of the theme but it’s a stacked round, I’m sorry ",4121153547a94bdf972d7e6c9231f149
spotify:track:2fuYa3Lx06QQJAm0MjztKr,6d8e32d102054531811ff5c8a625977c,2025-05-24T19:47:28Z,0,Joseph’s submission for this category is also the exact intersection point of our music tastes ,4121153547a94bdf972d7e6c9231f149
spotify:track:50M7nY1oQuNHecs0ahWAtI,6d8e32d102054531811ff5c8a625977c,2025-05-24T19:47:28Z,1,"Perfectly understood the assignment, glad to see the National here ",4121153547a94bdf972d7e6c9231f149
spotify:track:53TIOhzNpRpl8xKdscSQSv,6d8e32d102054531811ff5c8a625977c,2025-05-24T19:47:28Z,1,Absolutely no notes. Went with the obvious choice and you will be rewarded for it ,4121153547a94bdf972d7e6c9231f149
spotify:track:5bsnLiT00hG37qd8p2jdVl,6d8e32d102054531811ff5c8a625977c,2025-05-24T19:47:28Z,1,Great song and the ending is part of what does it for me. It doesn’t only end on a pathetic but also a creepy and somewhat fantastical note. Utterly unsympathetic protagonist but does what it’s trying to do well. Dark sad boy summer. Excellent,4121153547a94bdf972d7e6c9231f149
spotify:track:6700Z4Izi8EbB6JNthU6Ma,6d8e32d102054531811ff5c8a625977c,2025-05-24T19:47:28Z,-1,It’s sad indie pop and yet doesn’t have the true sad boy summer sound. It’s an ephemeral thing. But this is too poppy,4121153547a94bdf972d7e6c9231f149
spotify:track:6NGi23FFKq9tH5NR1NcTw2,6d8e32d102054531811ff5c8a625977c,2025-05-24T19:47:28Z,0,This was a good Alexcore interpretation of the category. I like it ,4121153547a94bdf972d7e6c9231f149
spotify:track:0hveAq1VSNWo9MQYGMHvFF,fa6235d130204772808d133e528b8ad7,2025-05-24T21:39:04Z,-1,The cowboy has chosen a lonesome life. If he’s sad it’s his own damn fault ,4121153547a94bdf972d7e6c9231f149
spotify:track:2fuYa3Lx06QQJAm0MjztKr,fa6235d130204772808d133e528b8ad7,2025-05-24T21:39:04Z,0,Beautiful song. If I had a fourth vote I’d give it to this one,4121153547a94bdf972d7e6c9231f149
spotify:track:4efSiM29EdkOZvmoMq4FhM,fa6235d130204772808d133e528b8ad7,2025-05-24T21:39:04Z,0,This was a cool song but not maximally sad,4121153547a94bdf972d7e6c9231f149
spotify:track:51c94ac31swyDQj9B3Lzs3,fa6235d130204772808d133e528b8ad7,2025-05-24T21:39:04Z,0,"Good song but the prompt was sad boy, not sadistic boy",4121153547a94bdf972d7e6c9231f149
spotify:track:53TIOhzNpRpl8xKdscSQSv,fa6235d130204772808d133e528b8ad7,2025-05-24T21:39:04Z,1,No boy has ever been sadder than Sufjan. Impossible not to upvote,4121153547a94bdf972d7e6c9231f149
spotify:track:5bsnLiT00hG37qd8p2jdVl,fa6235d130204772808d133e528b8ad7,2025-05-24T21:39:04Z,1,Quintessential sad boy narrative. Good pick,4121153547a94bdf972d7e6c9231f149
spotify:track:6700Z4Izi8EbB6JNthU6Ma,fa6235d130204772808d133e528b8ad7,2025-05-24T21:39:04Z,0,Could be sadder. At least he has someone to hold him for now…,4121153547a94bdf972d7e6c9231f149
spotify:track:6NGi23FFKq9tH5NR1NcTw2,fa6235d130204772808d133e528b8ad7,2025-05-24T21:39:04Z,0,Classic. But I think the girl might be sadder than the guy in this song,4121153547a94bdf972d7e6c9231f149
spotify:track:6w8pFOKn42O418qwcQElZ3,fa6235d130204772808d133e528b8ad7,2025-05-24T21:39:04Z,1,"My initial reaction was  “this is literally what AI would produce if you told it to write a melancholy white boy pop song.” At first I thought that was a point against the song, but the more I thought about it the more I started to think that this means it deserves a vote for being perfectly on theme ",4121153547a94bdf972d7e6c9231f149
spotify:track:0hveAq1VSNWo9MQYGMHvFF,c1b6888dec1e4113b65883ad590d3969,2025-05-25T00:50:20Z,1,,4121153547a94bdf972d7e6c9231f149
spotify:track:50M7nY1oQuNHecs0ahWAtI,c1b6888dec1e4113b65883ad590d3969,2025-05-25T00:50:20Z,1,,4121153547a94bdf972d7e6c9231f149
spotify:track:53TIOhzNpRpl8xKdscSQSv,c1b6888dec1e4113b65883ad590d3969,2025-05-25T00:50:20Z,-1,,4121153547a94bdf972d7e6c9231f149
spotify:track:5bsnLiT00hG37qd8p2jdVl,c1b6888dec1e4113b65883ad590d3969,2025-05-25T00:50:20Z,1,,4121153547a94bdf972d7e6c9231f149
spotify:track:51c94ac31swyDQj9B3Lzs3,42db3c63b69a4479bedfcc2d22a6b73a,2025-05-25T02:27:41Z,-1,,4121153547a94bdf972d7e6c9231f149
spotify:track:0hveAq1VSNWo9MQYGMHvFF,42db3c63b69a4479bedfcc2d22a6b73a,2025-05-25T02:27:41Z,1,,4121153547a94bdf972d7e6c9231f149
spotify:track:2fuYa3Lx06QQJAm0MjztKr,42db3c63b69a4479bedfcc2d22a6b73a,2025-05-25T02:27:41Z,1,,4121153547a94bdf972d7e6c9231f149
spotify:track:6NGi23FFKq9tH5NR1NcTw2,42db3c63b69a4479bedfcc2d22a6b73a,2025-05-25T02:27:41Z,1,,4121153547a94bdf972d7e6c9231f149
spotify:track:5bsnLiT00hG37qd8p2jdVl,80a489147c544db5a53c5cede65c4617,2025-05-25T02:50:16Z,-1,💤,4121153547a94bdf972d7e6c9231f149
spotify:track:6w8pFOKn42O418qwcQElZ3,80a489147c544db5a53c5cede65c4617,2025-05-25T02:50:16Z,0,This is decent if generic,4121153547a94bdf972d7e6c9231f149
spotify:track:4efSiM29EdkOZvmoMq4FhM,80a489147c544db5a53c5cede65c4617,2025-05-25T02:50:16Z,0,Gross title,4121153547a94bdf972d7e6c9231f149
spotify:track:50M7nY1oQuNHecs0ahWAtI,80a489147c544db5a53c5cede65c4617,2025-05-25T02:50:16Z,0,I don’t like his voice. I’m sorry he needs his girl but the song didn’t convince me to care,4121153547a94bdf972d7e6c9231f149
spotify:track:51c94ac31swyDQj9B3Lzs3,80a489147c544db5a53c5cede65c4617,2025-05-25T02:50:16Z,0,Ok… I can see what this is going for but the execution feels unprofessional to me ,4121153547a94bdf972d7e6c9231f149
spotify:track:53TIOhzNpRpl8xKdscSQSv,80a489147c544db5a53c5cede65c4617,2025-05-25T02:50:16Z,3,Nothing else here made me feel the slightest thing. This produced tears ,4121153547a94bdf972d7e6c9231f149
spotify:track:0hveAq1VSNWo9MQYGMHvFF,e9ff1e5eb77849d4bc7e07958854fba2,2025-05-25T16:01:51Z,3,,4121153547a94bdf972d7e6c9231f149
spotify:track:53TIOhzNpRpl8xKdscSQSv,e9ff1e5eb77849d4bc7e07958854fba2,2025-05-25T16:01:51Z,-1,,4121153547a94bdf972d7e6c9231f149
spotify:track:53TIOhzNpRpl8xKdscSQSv,fc418ffeadb64c3f8e93a25fb942984f,2025-05-26T00:55:30Z,2,,4121153547a94bdf972d7e6c9231f149
spotify:track:5bsnLiT00hG37qd8p2jdVl,fc418ffeadb64c3f8e93a25fb942984f,2025-05-26T00:55:30Z,-1,,4121153547a94bdf972d7e6c9231f149
spotify:track:6NGi23FFKq9tH5NR1NcTw2,fc418ffeadb64c3f8e93a25fb942984f,2025-05-26T00:55:30Z,1,"It’s Hootie & The Blowfish, I have to",4121153547a94bdf972d7e6c9231f149
spotify:track:0hveAq1VSNWo9MQYGMHvFF,9800e906592547f4ab0717aa56097b49,2025-05-26T13:43:52Z,0,"Correct, and an all time great song. But you have to properly interpret the zeitgeist, and this does not reflect such study ",4121153547a94bdf972d7e6c9231f149
spotify:track:2fuYa3Lx06QQJAm0MjztKr,9800e906592547f4ab0717aa56097b49,2025-05-26T13:43:52Z,0,"Don’t like Radiohead, simple as ",4121153547a94bdf972d7e6c9231f149
spotify:track:4efSiM29EdkOZvmoMq4FhM,9800e906592547f4ab0717aa56097b49,2025-05-26T13:43:52Z,2,"A testament to the genre. 
The line “it’s nothing, it’s nothing” captures more understanding of the male romantic experience than entire artist discographies ",4121153547a94bdf972d7e6c9231f149
spotify:track:50M7nY1oQuNHecs0ahWAtI,9800e906592547f4ab0717aa56097b49,2025-05-26T13:43:52Z,0,"Just don’t like The National, simple as ",4121153547a94bdf972d7e6c9231f149
spotify:track:51c94ac31swyDQj9B3Lzs3,9800e906592547f4ab0717aa56097b49,2025-05-26T13:43:52Z,0,Nah ,4121153547a94bdf972d7e6c9231f149
spotify:track:53TIOhzNpRpl8xKdscSQSv,9800e906592547f4ab0717aa56097b49,2025-05-26T13:43:52Z,0,"A GOAT, one of the best to ever do it. But even though Sufjan is certified Sad Boi™, this song is not the one I would choose and I’m going to be honest I can’t articulate why.",4121153547a94bdf972d7e6c9231f149
spotify:track:6700Z4Izi8EbB6JNthU6Ma,9800e906592547f4ab0717aa56097b49,2025-05-26T13:43:52Z,0,"Sorry ladies, this is a boys round

^this was the comment I had here for 10 min before I realized this singer is actually a man. Went back and listened to the song again and realized there is no way I could have thought that, and therefore the song must have left so little of an impression that I forgot the gender of the singer. Also, terminal case of zoomer voice.",4121153547a94bdf972d7e6c9231f149
spotify:track:6NGi23FFKq9tH5NR1NcTw2,9800e906592547f4ab0717aa56097b49,2025-05-26T13:43:52Z,1,Yep yep yep Darius knows what’s up. I always wonder what the Blowfish are up to these days ,4121153547a94bdf972d7e6c9231f149
spotify:track:6w8pFOKn42O418qwcQElZ3,9800e906592547f4ab0717aa56097b49,2025-05-26T13:43:52Z,-1,"“You are sheltering an attempt at a hit pop song in your sad boy summer, are you not?”",4121153547a94bdf972d7e6c9231f149
spotify:track:2fuYa3Lx06QQJAm0MjztKr,f53f0969b04049b5ba39a303ebb3e987,2025-05-26T18:36:32Z,0,The Catholic communists at Hillsdale told me to like Radiohead but idk it never worked ,4121153547a94bdf972d7e6c9231f149
spotify:track:4efSiM29EdkOZvmoMq4FhM,f53f0969b04049b5ba39a303ebb3e987,2025-05-26T18:36:32Z,0,Forgettable,4121153547a94bdf972d7e6c9231f149
spotify:track:50M7nY1oQuNHecs0ahWAtI,f53f0969b04049b5ba39a303ebb3e987,2025-05-26T18:36:32Z,0,Nice,4121153547a94bdf972d7e6c9231f149
spotify:track:51c94ac31swyDQj9B3Lzs3,f53f0969b04049b5ba39a303ebb3e987,2025-05-26T18:36:32Z,0,"Truly terrible, I’m assuming a Corey or Joseph poast?",4121153547a94bdf972d7e6c9231f149
spotify:track:53TIOhzNpRpl8xKdscSQSv,f53f0969b04049b5ba39a303ebb3e987,2025-05-26T18:36:32Z,-1,Sufjan rose from rags to riches by embodying the emotivism and sensitivity that women narcissistically wish men had. However a fruit with a banjo does not sad boy summer make.,4121153547a94bdf972d7e6c9231f149
spotify:track:6700Z4Izi8EbB6JNthU6Ma,f53f0969b04049b5ba39a303ebb3e987,2025-05-26T18:36:32Z,0,AI Generated,4121153547a94bdf972d7e6c9231f149
spotify:track:6NGi23FFKq9tH5NR1NcTw2,f53f0969b04049b5ba39a303ebb3e987,2025-05-26T18:36:32Z,3,"Best song in this garbage dump of a round and it’s not even close. Darius alone is top tier Sammybait, but in composition and tone this song works too well.",4121153547a94bdf972d7e6c9231f149
spotify:track:5bsnLiT00hG37qd8p2jdVl,f53f0969b04049b5ba39a303ebb3e987,2025-05-26T18:36:32Z,0,Great song.,4121153547a94bdf972d7e6c9231f149
spotify:track:6w8pFOKn42O418qwcQElZ3,f53f0969b04049b5ba39a303ebb3e987,2025-05-26T18:36:32Z,0,Somehow worse than the other AI song maybe it’s a Lewis thing?,4121153547a94bdf972d7e6c9231f149
spotify:track:0YUiI4zdalScQmDUahywEg,6d8e32d102054531811ff5c8a625977c,2025-05-27T15:47:07Z,2,Wow this is perfect,63b5baec11e34b9cb8ef465c066d9c0a
spotify:track:2x5qF66rFO6DERBMNkQAqn,6d8e32d102054531811ff5c8a625977c,2025-05-27T15:47:07Z,1,This was fantastic ,63b5baec11e34b9cb8ef465c066d9c0a
spotify:track:48Qes8IUekSZpcNDQgYzUX,6d8e32d102054531811ff5c8a625977c,2025-05-27T15:47:07Z,0,Love seeing Phoebe Bridgers and Julien Baker here but I didn’t get it until the chorus ,63b5baec11e34b9cb8ef465c066d9c0a
spotify:track:4bPkBHKLKd9WHizsvM2zV3,6d8e32d102054531811ff5c8a625977c,2025-05-27T15:47:07Z,-1,Great song but this was the least resonant of the lot for me,63b5baec11e34b9cb8ef465c066d9c0a
spotify:track:52abQEHHYwE5eGxLG0zcH5,6d8e32d102054531811ff5c8a625977c,2025-05-27T15:47:07Z,0,"I liked this a lot, surprised me",63b5baec11e34b9cb8ef465c066d9c0a
spotify:track:7o9uu2GDtVDr9nsR7ZRN73,6d8e32d102054531811ff5c8a625977c,2025-05-27T15:47:07Z,0,I’ve never thought of this song as Christological before but now every time I hear it I will think of St. Faustina. Thank you for this ,63b5baec11e34b9cb8ef465c066d9c0a
spotify:track:0YUiI4zdalScQmDUahywEg,9800e906592547f4ab0717aa56097b49,2025-05-27T17:36:09Z,0,"Love this and it’s a fantastic love song, but errs too far on that side to get the vote from me. ",63b5baec11e34b9cb8ef465c066d9c0a
spotify:track:0COqiPhxzoWICwFCS4eZcp,9800e906592547f4ab0717aa56097b49,2025-05-27T17:36:09Z,1,"I came in expecting to pass this one over - but wow is it right on theme. Especially BECAUSE you would expect to pass it over, and then you think about it and it’s right on target. For being truly unintentional (to me), it earns a vote. ",63b5baec11e34b9cb8ef465c066d9c0a
spotify:track:0f5bYBJ7CQkqqLZjhJTNw9,9800e906592547f4ab0717aa56097b49,2025-05-27T17:36:09Z,1,"This is phenomenal. It’s like a Flannery O’Connor story set to music. Fits the theme in that you really have to think outside the box to see the (then clearly) strong correlation, which is what I was hoping for this round. ",63b5baec11e34b9cb8ef465c066d9c0a
spotify:track:2WUVQQAsWvScEdBVilRYaR,9800e906592547f4ab0717aa56097b49,2025-05-27T17:36:09Z,-1,"On theme, but I just can’t stand his voice. ",63b5baec11e34b9cb8ef465c066d9c0a
spotify:track:48Qes8IUekSZpcNDQgYzUX,9800e906592547f4ab0717aa56097b49,2025-05-27T17:36:09Z,1,"This is such a good entry. At first glance you might not think it, but the final line really says it all. I am definitely rewarding “unintentional” and this is definitely the most unintentional of them all, I thinks ",63b5baec11e34b9cb8ef465c066d9c0a
spotify:track:4bPkBHKLKd9WHizsvM2zV3,9800e906592547f4ab0717aa56097b49,2025-05-27T17:36:09Z,0,"This was great, and I liked it more than I expected, but like Judd’s submission I feel it leans a bit too far towards romantic (at least in my listen) ",63b5baec11e34b9cb8ef465c066d9c0a
spotify:track:52abQEHHYwE5eGxLG0zcH5,9800e906592547f4ab0717aa56097b49,2025-05-27T17:36:09Z,0,This is the first time a comment has swayed me. Great interpretation. Well chosen even though it wasn’t my fave ,63b5baec11e34b9cb8ef465c066d9c0a
spotify:track:6Qyc6fS4DsZjB2mRW9DsQs,9800e906592547f4ab0717aa56097b49,2025-05-27T17:36:09Z,0,"I like this read a lot, but for me this was a glancing shot off the theme instead of a direct hit ",63b5baec11e34b9cb8ef465c066d9c0a
spotify:track:7o9uu2GDtVDr9nsR7ZRN73,9800e906592547f4ab0717aa56097b49,2025-05-27T17:36:09Z,0,"Also a great submission and idea, but one that just didn’t hit home fully for me. I do thing the line “after my picture fades” gets to the constancy of Christ’s love ",63b5baec11e34b9cb8ef465c066d9c0a
spotify:track:0YUiI4zdalScQmDUahywEg,fa6235d130204772808d133e528b8ad7,2025-05-27T17:59:32Z,0,If this song were in Italian it would be in the CL songbook (complimentary). Lyrically love it but musically it didn’t do it for me,63b5baec11e34b9cb8ef465c066d9c0a
spotify:track:2WUVQQAsWvScEdBVilRYaR,fa6235d130204772808d133e528b8ad7,2025-05-27T17:59:32Z,-1,100% Jesus coded lyrics but musically it’s giving “secular Christmas song” in a way that detracts from the lyrics imo,63b5baec11e34b9cb8ef465c066d9c0a
spotify:track:2x5qF66rFO6DERBMNkQAqn,fa6235d130204772808d133e528b8ad7,2025-05-27T17:59:32Z,0,It’s giving I still haven’t found what I’m looking for in a different font ,63b5baec11e34b9cb8ef465c066d9c0a
spotify:track:48Qes8IUekSZpcNDQgYzUX,fa6235d130204772808d133e528b8ad7,2025-05-27T17:59:32Z,0,"Idk about you guys but ever since I first heard this song a few years ago it’s spoken to me of the particularity and intimacy of Jesus’s love for me. “I can’t hide from you like I hide from myself” got me crying in my Kia soul every time
(Also “You already hurt my feelings three times” is such a Peter moment)",63b5baec11e34b9cb8ef465c066d9c0a
spotify:track:4bPkBHKLKd9WHizsvM2zV3,fa6235d130204772808d133e528b8ad7,2025-05-27T17:59:32Z,0,“I crawl back into your open arms” got me. But up to that point it wasn’t really hitting as a Jesus song ¯\_(ツ)_/¯ ,63b5baec11e34b9cb8ef465c066d9c0a
spotify:track:52abQEHHYwE5eGxLG0zcH5,fa6235d130204772808d133e528b8ad7,2025-05-27T17:59:32Z,0,I do like the lyrics of this a lot but didn’t hit hard enough to be in my top 3,63b5baec11e34b9cb8ef465c066d9c0a
spotify:track:6Qyc6fS4DsZjB2mRW9DsQs,fa6235d130204772808d133e528b8ad7,2025-05-27T17:59:32Z,1,There’s a reason this song is cliche/basic/enduringly popular. It refracts the human condition—the way we long to be loved—in a way that’s somehow both concrete and universally relatable (even if people don’t realize that this longing is only truly satisfied by God),63b5baec11e34b9cb8ef465c066d9c0a
spotify:track:7o9uu2GDtVDr9nsR7ZRN73,fa6235d130204772808d133e528b8ad7,2025-05-27T17:59:32Z,1,I don’t think I realized until this listen just how much the lyrics could be about Jesus. And musically it has just the right blend of melancholy and consolation,63b5baec11e34b9cb8ef465c066d9c0a
spotify:track:0COqiPhxzoWICwFCS4eZcp,fa6235d130204772808d133e528b8ad7,2025-05-27T17:59:32Z,1,Perfect pick. Both because the song itself is perfect and because I can’t believe I didn’t realize until now just how perfectly it captures the Christian experience. I can’t believe this wasn’t already on my personal “songs about Jesus” playlist ,63b5baec11e34b9cb8ef465c066d9c0a
spotify:track:0f5bYBJ7CQkqqLZjhJTNw9,fa6235d130204772808d133e528b8ad7,2025-05-27T17:59:32Z,0,I think I get where you’re trying to go with this one but it just doesn’t fully hit imo,63b5baec11e34b9cb8ef465c066d9c0a
spotify:track:6Qyc6fS4DsZjB2mRW9DsQs,f53f0969b04049b5ba39a303ebb3e987,2025-05-27T18:14:42Z,1,"Sammybait, wisely chosen.",63b5baec11e34b9cb8ef465c066d9c0a
spotify:track:0COqiPhxzoWICwFCS4eZcp,f53f0969b04049b5ba39a303ebb3e987,2025-05-27T18:14:42Z,-1,"Ah, you were successfully duped by the members of Evanescence into thinking that they aren't a Christian band. This song is most intentionally about Jesus.",63b5baec11e34b9cb8ef465c066d9c0a
spotify:track:0f5bYBJ7CQkqqLZjhJTNw9,f53f0969b04049b5ba39a303ebb3e987,2025-05-27T18:14:42Z,0,"Too explicitly religious in its grungled angels, discarded.",63b5baec11e34b9cb8ef465c066d9c0a
spotify:track:0YUiI4zdalScQmDUahywEg,f53f0969b04049b5ba39a303ebb3e987,2025-05-27T18:14:42Z,0,"Quit submitting songs I can't understand, Judd.",63b5baec11e34b9cb8ef465c066d9c0a
spotify:track:2WUVQQAsWvScEdBVilRYaR,f53f0969b04049b5ba39a303ebb3e987,2025-05-27T18:14:42Z,1,Someone profited from their reading of Paradiso Canto I.,63b5baec11e34b9cb8ef465c066d9c0a
spotify:track:2x5qF66rFO6DERBMNkQAqn,f53f0969b04049b5ba39a303ebb3e987,2025-05-27T18:14:42Z,0,"An unknowingly Christian song, yes, but it describes the longing more than Christ himself. I neither vote nor down vote you; I look on with compassionate disdain.",63b5baec11e34b9cb8ef465c066d9c0a
spotify:track:48Qes8IUekSZpcNDQgYzUX,f53f0969b04049b5ba39a303ebb3e987,2025-05-27T18:14:42Z,1,"Understood the assignment, as Joseph says.",63b5baec11e34b9cb8ef465c066d9c0a
spotify:track:4bPkBHKLKd9WHizsvM2zV3,f53f0969b04049b5ba39a303ebb3e987,2025-05-27T18:14:42Z,0,An incredible song. I loved it!,63b5baec11e34b9cb8ef465c066d9c0a
spotify:track:52abQEHHYwE5eGxLG0zcH5,f53f0969b04049b5ba39a303ebb3e987,2025-05-27T18:14:42Z,0,"Unfortunately, the tide has turned against explanatory captions.",63b5baec11e34b9cb8ef465c066d9c0a
spotify:track:0f5bYBJ7CQkqqLZjhJTNw9,80a489147c544db5a53c5cede65c4617,2025-05-27T18:49:03Z,0,"My ears just tune out Alexcore, I’m not capable of receiving it",63b5baec11e34b9cb8ef465c066d9c0a
spotify:track:0YUiI4zdalScQmDUahywEg,80a489147c544db5a53c5cede65c4617,2025-05-27T18:49:03Z,0,Chorus is actually really nice. I like the melody which is rare for Spanish songs,63b5baec11e34b9cb8ef465c066d9c0a
spotify:track:2WUVQQAsWvScEdBVilRYaR,80a489147c544db5a53c5cede65c4617,2025-05-27T18:49:03Z,-1,,63b5baec11e34b9cb8ef465c066d9c0a
spotify:track:48Qes8IUekSZpcNDQgYzUX,80a489147c544db5a53c5cede65c4617,2025-05-27T18:49:03Z,1,This song is definitely capturing something. Wish it were slightly more interesting but it’s close to being great ,63b5baec11e34b9cb8ef465c066d9c0a
spotify:track:52abQEHHYwE5eGxLG0zcH5,80a489147c544db5a53c5cede65c4617,2025-05-27T18:49:03Z,0,"Wow, sweet sound although the thematic connection is a stretch. Love the shoegaze though ",63b5baec11e34b9cb8ef465c066d9c0a
spotify:track:6Qyc6fS4DsZjB2mRW9DsQs,80a489147c544db5a53c5cede65c4617,2025-05-27T18:49:03Z,1,It fits,63b5baec11e34b9cb8ef465c066d9c0a
spotify:track:7o9uu2GDtVDr9nsR7ZRN73,80a489147c544db5a53c5cede65c4617,2025-05-27T18:49:03Z,1,I’m not excited about the song but the thematic connection is there,63b5baec11e34b9cb8ef465c066d9c0a
spotify:track:0COqiPhxzoWICwFCS4eZcp,c1b6888dec1e4113b65883ad590d3969,2025-05-27T19:22:37Z,1,,63b5baec11e34b9cb8ef465c066d9c0a
spotify:track:0f5bYBJ7CQkqqLZjhJTNw9,c1b6888dec1e4113b65883ad590d3969,2025-05-27T19:22:37Z,1,,63b5baec11e34b9cb8ef465c066d9c0a
spotify:track:52abQEHHYwE5eGxLG0zcH5,c1b6888dec1e4113b65883ad590d3969,2025-05-27T19:22:37Z,-1,,63b5baec11e34b9cb8ef465c066d9c0a
spotify:track:7o9uu2GDtVDr9nsR7ZRN73,c1b6888dec1e4113b65883ad590d3969,2025-05-27T19:22:37Z,1,,63b5baec11e34b9cb8ef465c066d9c0a
spotify:track:0YUiI4zdalScQmDUahywEg,42db3c63b69a4479bedfcc2d22a6b73a,2025-05-27T20:17:56Z,-1,,63b5baec11e34b9cb8ef465c066d9c0a
spotify:track:2WUVQQAsWvScEdBVilRYaR,42db3c63b69a4479bedfcc2d22a6b73a,2025-05-27T20:17:56Z,1,,63b5baec11e34b9cb8ef465c066d9c0a
spotify:track:6Qyc6fS4DsZjB2mRW9DsQs,42db3c63b69a4479bedfcc2d22a6b73a,2025-05-27T20:17:56Z,1,,63b5baec11e34b9cb8ef465c066d9c0a
spotify:track:7o9uu2GDtVDr9nsR7ZRN73,42db3c63b69a4479bedfcc2d22a6b73a,2025-05-27T20:17:56Z,1,,63b5baec11e34b9cb8ef465c066d9c0a
spotify:track:0COqiPhxzoWICwFCS4eZcp,0f4f7275b1234127a43771293d707c5c,2025-05-27T20:19:18Z,0,Wait I am sad there's no Yellow now. A bit too hard for me for this theme but I see you and respect you.,63b5baec11e34b9cb8ef465c066d9c0a
spotify:track:0f5bYBJ7CQkqqLZjhJTNw9,0f4f7275b1234127a43771293d707c5c,2025-05-27T20:19:18Z,-1,Okay I am sorry I hated this voice so much. Liked the vibe but the voice was a no. Also this seems explicitly to intend a Christian theme. ...ok for real this reminds me of the youtube videos “___ but off key”,63b5baec11e34b9cb8ef465c066d9c0a
spotify:track:0YUiI4zdalScQmDUahywEg,0f4f7275b1234127a43771293d707c5c,2025-05-27T20:19:18Z,0,🥰 😍,63b5baec11e34b9cb8ef465c066d9c0a
spotify:track:2WUVQQAsWvScEdBVilRYaR,0f4f7275b1234127a43771293d707c5c,2025-05-27T20:19:18Z,1,"Regina ily (even if this isn't you)
I am a sucker for nautical metaphor ofc",63b5baec11e34b9cb8ef465c066d9c0a
spotify:track:2x5qF66rFO6DERBMNkQAqn,0f4f7275b1234127a43771293d707c5c,2025-05-27T20:19:18Z,0,Very Disney Channel to me in a good way,63b5baec11e34b9cb8ef465c066d9c0a
spotify:track:48Qes8IUekSZpcNDQgYzUX,0f4f7275b1234127a43771293d707c5c,2025-05-27T20:19:18Z,0,Never heard this; I like. I bet Joseph didn't like it though,63b5baec11e34b9cb8ef465c066d9c0a
spotify:track:4bPkBHKLKd9WHizsvM2zV3,0f4f7275b1234127a43771293d707c5c,2025-05-27T20:19:18Z,1,This is so good for this. Love this freaking category,63b5baec11e34b9cb8ef465c066d9c0a
spotify:track:52abQEHHYwE5eGxLG0zcH5,0f4f7275b1234127a43771293d707c5c,2025-05-27T20:19:18Z,0,Not quite it for me here but this is a cool song,63b5baec11e34b9cb8ef465c066d9c0a
spotify:track:6Qyc6fS4DsZjB2mRW9DsQs,0f4f7275b1234127a43771293d707c5c,2025-05-27T20:19:18Z,1,UGH! I cry. I love this song. Eucharistic.,63b5baec11e34b9cb8ef465c066d9c0a
spotify:track:7o9uu2GDtVDr9nsR7ZRN73,0f4f7275b1234127a43771293d707c5c,2025-05-27T20:19:18Z,0,I do NOT have enough votes. This gets my imaginary 4th,63b5baec11e34b9cb8ef465c066d9c0a
spotify:track:2WUVQQAsWvScEdBVilRYaR,e9ff1e5eb77849d4bc7e07958854fba2,2025-05-27T20:37:58Z,-1,,63b5baec11e34b9cb8ef465c066d9c0a
spotify:track:4bPkBHKLKd9WHizsvM2zV3,e9ff1e5eb77849d4bc7e07958854fba2,2025-05-27T20:37:58Z,2,,63b5baec11e34b9cb8ef465c066d9c0a
spotify:track:7o9uu2GDtVDr9nsR7ZRN73,e9ff1e5eb77849d4bc7e07958854fba2,2025-05-27T20:37:58Z,1,,63b5baec11e34b9cb8ef465c066d9c0a
spotify:track:0COqiPhxzoWICwFCS4eZcp,fc418ffeadb64c3f8e93a25fb942984f,2025-05-27T20:58:47Z,1,,63b5baec11e34b9cb8ef465c066d9c0a
spotify:track:0f5bYBJ7CQkqqLZjhJTNw9,fc418ffeadb64c3f8e93a25fb942984f,2025-05-27T20:58:47Z,-1,,63b5baec11e34b9cb8ef465c066d9c0a
spotify:track:0YUiI4zdalScQmDUahywEg,fc418ffeadb64c3f8e93a25fb942984f,2025-05-27T20:58:47Z,1,,63b5baec11e34b9cb8ef465c066d9c0a
spotify:track:2x5qF66rFO6DERBMNkQAqn,fc418ffeadb64c3f8e93a25fb942984f,2025-05-27T20:58:47Z,0,"Agreed, I want my eyes to be opened to this genre",63b5baec11e34b9cb8ef465c066d9c0a
spotify:track:52abQEHHYwE5eGxLG0zcH5,fc418ffeadb64c3f8e93a25fb942984f,2025-05-27T20:58:47Z,1,Mmm thank you for painting the scene,63b5baec11e34b9cb8ef465c066d9c0a
spotify:track:6Qyc6fS4DsZjB2mRW9DsQs,fc418ffeadb64c3f8e93a25fb942984f,2025-05-27T20:58:47Z,0,I wanted to vote for this but didn’t have enough votes:(,63b5baec11e34b9cb8ef465c066d9c0a
spotify:track:4ccM2xBxicGigjLqt6A0YY,fc418ffeadb64c3f8e93a25fb942984f,2025-05-28T18:46:35Z,-1,"Didn’t want to downvote this, but I don’t completely get the Shrek hype😬 so alas",a75523622c3f41aab48f78e001972052
spotify:track:7pOWWGpUc3T05IXfymgIP3,fc418ffeadb64c3f8e93a25fb942984f,2025-05-28T18:46:35Z,3,I had to😘,a75523622c3f41aab48f78e001972052
spotify:track:2VEZx7NWsZ1D0eJ4uv5Fym,f53f0969b04049b5ba39a303ebb3e987,2025-05-28T18:52:28Z,1,"This song kicks so much ass holy crap. This made such a huge impact on me. Fits the theme and I utterly love the music. A well-earned upvote, friend!",a75523622c3f41aab48f78e001972052
spotify:track:4ccM2xBxicGigjLqt6A0YY,f53f0969b04049b5ba39a303ebb3e987,2025-05-28T18:52:28Z,0,"It’s Shrek 2, very well done in my book. One of my favorite songs from the soundtrack, captures the feeling of being in love so perfectly, so bouncy. However, since so much fuss was made about falling vs being in love, I don’t think I can vote for it. Hits more like someone thinking about how good their current relationship is, just as it is used in the movie.",a75523622c3f41aab48f78e001972052
spotify:track:4J0DbyODwZJcmIAiTSJfMF,f53f0969b04049b5ba39a303ebb3e987,2025-05-28T18:52:28Z,0,"A beautiful, heartbreaking song, perhaps the best written of any on here. Because, at least as I hear it, he’s begging for someone to come back who was once there. I’m looking for first moment or encounter here, so I have to pass on.",a75523622c3f41aab48f78e001972052
spotify:track:4JGKZS7h4Qa16gOU3oNETV,f53f0969b04049b5ba39a303ebb3e987,2025-05-28T18:52:28Z,1,"I don’t love the Cranberries except for when I send a 5 minute long Zombie voice memo to Joe Torma, but since I’ve been guided by the being vs falling distinction, I have to reward this song for absolutely nailing it.",a75523622c3f41aab48f78e001972052
spotify:track:5ao5BeXUi0FRKoP58rsUXB,f53f0969b04049b5ba39a303ebb3e987,2025-05-28T18:52:28Z,-1,"I love the vulnerability; she’s a talented songwriter for sure, and I’m glad to now appreciate her talents. But this song just wasn’t capturing the vibe for me. Probably me not being a woman and not appreciating the feminine experience of falling in love might be part of it. Also I hated the therapist line, locks the song into the historical epoch of therapy-addicted Millenials and Zoomers. ",a75523622c3f41aab48f78e001972052
spotify:track:6klpXs2uAjagnZMFkt4qkl,f53f0969b04049b5ba39a303ebb3e987,2025-05-28T18:52:28Z,1,"I considered this song and honestly can’t believe more people didn’t go Disney, it’s such a deep well for songs about falling in love specifically. Despite being from a more recent movie, this is one of their best for sure. Flynn’s “chasing down a daydream” and “never seeing things for how they really were” impact me on a deep level. Very good choice.",a75523622c3f41aab48f78e001972052
spotify:track:786NsUYn4GGUf8AOt0SQhP,f53f0969b04049b5ba39a303ebb3e987,2025-05-28T18:52:28Z,0,"Objectively great song, one of the best on Red. But again, I’m getting established relationship vibes more than longing or moment of first attraction.",a75523622c3f41aab48f78e001972052
spotify:track:7pOWWGpUc3T05IXfymgIP3,f53f0969b04049b5ba39a303ebb3e987,2025-05-28T18:52:28Z,0,"Motown has entered the chat! Sandlotcore, Squint just went for it. Although back in the day a first kiss after a good date wasn’t too strange, it still feels like we’re well in established relationship territory. But lyrically and tonally, this might be my personal favorite song on the list.",a75523622c3f41aab48f78e001972052
spotify:track:0eDwzWuy2gf1RJzqWl0dkF,f53f0969b04049b5ba39a303ebb3e987,2025-05-28T18:52:28Z,0,"I loved this song and am grateful that you introduced me to it. However, it feels like the singer is describing love as such or existing love, rather than the experience of falling in love with someone.",a75523622c3f41aab48f78e001972052
spotify:track:5ao5BeXUi0FRKoP58rsUXB,6d8e32d102054531811ff5c8a625977c,2025-05-28T19:34:03Z,1,"This is really good. Does a great job capturing the anxious, insecure parts of the experience of falling in love at the same time as the good feelings ",a75523622c3f41aab48f78e001972052
spotify:track:0PKmDncVOiNQLO6D1P6PXi,6d8e32d102054531811ff5c8a625977c,2025-05-28T19:34:03Z,1,Can’t resist. It’s so great,a75523622c3f41aab48f78e001972052
spotify:track:2VEZx7NWsZ1D0eJ4uv5Fym,6d8e32d102054531811ff5c8a625977c,2025-05-28T19:34:03Z,0,Enjoyed this way more than I expected to. Good entry,a75523622c3f41aab48f78e001972052
spotify:track:4ccM2xBxicGigjLqt6A0YY,6d8e32d102054531811ff5c8a625977c,2025-05-28T19:34:03Z,1,Fabulous choice. After all isn’t all true love accidental ,a75523622c3f41aab48f78e001972052
spotify:track:4J0DbyODwZJcmIAiTSJfMF,6d8e32d102054531811ff5c8a625977c,2025-05-28T19:34:03Z,-1,This one is too much being in love with someone in particular and not enough of the experience of falling for that person ,a75523622c3f41aab48f78e001972052
spotify:track:4JGKZS7h4Qa16gOU3oNETV,6d8e32d102054531811ff5c8a625977c,2025-05-28T19:34:03Z,0,"Don’t have an upvote to spare, but fabulous inclusion.",a75523622c3f41aab48f78e001972052
spotify:track:4JGKZS7h4Qa16gOU3oNETV,0f4f7275b1234127a43771293d707c5c,2025-05-28T19:59:09Z,1,This invited me to really listen to the words for the first time and what I found is this is sorta perfect for this theme! Good job kid! Even the yell-singing at the end is like same girl same,a75523622c3f41aab48f78e001972052
spotify:track:6klpXs2uAjagnZMFkt4qkl,0f4f7275b1234127a43771293d707c5c,2025-05-28T19:59:09Z,0,"This is a good pick. I am just struggling with the distinction of ""falling"" vs ""realizing you're in love."" Maybe it's the same?? but I am not sure",a75523622c3f41aab48f78e001972052
spotify:track:786NsUYn4GGUf8AOt0SQhP,0f4f7275b1234127a43771293d707c5c,2025-05-28T19:59:09Z,1,"I remember the first time I heard this, laying on my tummy on the carpet at a friend's 13th bday party, drinking in the lyric book like a medieval peasant after a drought. A wise woman calls it her strongest opening track. A very mature TS selection. ""I love you doesn't count after goodbye"" (iykyk) I considered this for both this round and last one.",a75523622c3f41aab48f78e001972052
spotify:track:7pOWWGpUc3T05IXfymgIP3,0f4f7275b1234127a43771293d707c5c,2025-05-28T19:59:09Z,0,"Well-chosen. And given a place of honor, last song in the last playlist. Still struggling with that falling vs. realizing distinction and tbh just ran out of votes",a75523622c3f41aab48f78e001972052
spotify:track:4J0DbyODwZJcmIAiTSJfMF,0f4f7275b1234127a43771293d707c5c,2025-05-28T19:59:09Z,0,"I can't explain why but I have sorta never liked this song... Overall I think it is almost too deep and further-along than the ""falling in love"" stage (But Regina I love you much)",a75523622c3f41aab48f78e001972052
spotify:track:5ao5BeXUi0FRKoP58rsUXB,0f4f7275b1234127a43771293d707c5c,2025-05-28T19:59:09Z,0,The falling: weird and scary but you like it,a75523622c3f41aab48f78e001972052
spotify:track:0eDwzWuy2gf1RJzqWl0dkF,0f4f7275b1234127a43771293d707c5c,2025-05-28T19:59:09Z,1,sitting here looking forward to when I get to add this to a playlist about falling in love again :) I had never heard this; thanks for showing me. My fave this round I think.,a75523622c3f41aab48f78e001972052
spotify:track:0PKmDncVOiNQLO6D1P6PXi,0f4f7275b1234127a43771293d707c5c,2025-05-28T19:59:09Z,0,Being in denial about being in love isn't the same as falling to me but perhaps it's part of it for some? idk. Narrowly escaped the downvote since I think the song is overrated but it isn't from Shrek lmao,a75523622c3f41aab48f78e001972052
spotify:track:2VEZx7NWsZ1D0eJ4uv5Fym,0f4f7275b1234127a43771293d707c5c,2025-05-28T19:59:09Z,0,A not unpleasant throwback! Just don't like the song enough. But the words are on-theme. Also didn't realize how much it reminds me of the Buggles until now,a75523622c3f41aab48f78e001972052
spotify:track:4ccM2xBxicGigjLqt6A0YY,0f4f7275b1234127a43771293d707c5c,2025-05-28T19:59:09Z,-1,"Love the CC, don't love S
Also the lyrics aren't creative enough to me idk
Downvote because I had to and this is Fiona hate bait even though it is objectively pretty good so that tipped the scales",a75523622c3f41aab48f78e001972052
spotify:track:786NsUYn4GGUf8AOt0SQhP,e9ff1e5eb77849d4bc7e07958854fba2,2025-05-28T20:02:55Z,-1,,a75523622c3f41aab48f78e001972052
spotify:track:7pOWWGpUc3T05IXfymgIP3,e9ff1e5eb77849d4bc7e07958854fba2,2025-05-28T20:02:55Z,3,,a75523622c3f41aab48f78e001972052
spotify:track:4ccM2xBxicGigjLqt6A0YY,fa6235d130204772808d133e528b8ad7,2025-05-28T21:28:53Z,0,Not obviously about falling in love. Seems like it could be about an existing couple. But this song and soundtrack and movie are generational,a75523622c3f41aab48f78e001972052
spotify:track:0eDwzWuy2gf1RJzqWl0dkF,fa6235d130204772808d133e528b8ad7,2025-05-28T21:28:53Z,0,Love the song. But doesn’t specifically feel like it’s about an actual experience of falling in love so much as a higher order reflection on what falling in love is like. I respect this as an interpretation of the theme but it’s not how I read it,a75523622c3f41aab48f78e001972052
spotify:track:0PKmDncVOiNQLO6D1P6PXi,fa6235d130204772808d133e528b8ad7,2025-05-28T21:28:53Z,1,"No notes. Lyrically spot on, absolute banger. Well played by the good doctor",a75523622c3f41aab48f78e001972052
spotify:track:2VEZx7NWsZ1D0eJ4uv5Fym,fa6235d130204772808d133e528b8ad7,2025-05-28T21:28:53Z,0,Really like this song and it would’ve gotten a vote if I had one more,a75523622c3f41aab48f78e001972052
spotify:track:4J0DbyODwZJcmIAiTSJfMF,fa6235d130204772808d133e528b8ad7,2025-05-28T21:28:53Z,-1,"Again I love this song so much but it’s not obviously, clearly about the *falling*. There is no song I could’ve downvoted without it being genuinely painful,  but it must be done and the lot has fallen on this one.",a75523622c3f41aab48f78e001972052
spotify:track:4JGKZS7h4Qa16gOU3oNETV,fa6235d130204772808d133e528b8ad7,2025-05-28T21:28:53Z,0,I hope that listening to this brought back fond memories of Joe Torma yodeling at karaoke,a75523622c3f41aab48f78e001972052
spotify:track:5ao5BeXUi0FRKoP58rsUXB,fa6235d130204772808d133e528b8ad7,2025-05-28T21:28:53Z,1,"Full disclosure, I generally like Lizzy but did not expect her to make my top 3 this round. But the lyrics were concrete and genuine, narrating the emotional experience of falling in love so beautifully. Gotta hand it to her ",a75523622c3f41aab48f78e001972052
spotify:track:6klpXs2uAjagnZMFkt4qkl,fa6235d130204772808d133e528b8ad7,2025-05-28T21:28:53Z,1,"So good. The songs that get a vote from me this round are the ones that vividly, relatably capture the interior experience of realizing you’re falling.  ",a75523622c3f41aab48f78e001972052
spotify:track:786NsUYn4GGUf8AOt0SQhP,fa6235d130204772808d133e528b8ad7,2025-05-28T21:28:53Z,0,Probably her best opening track but not her best track specifically about falling in love. Love the song though,a75523622c3f41aab48f78e001972052
spotify:track:7pOWWGpUc3T05IXfymgIP3,fa6235d130204772808d133e528b8ad7,2025-05-28T21:28:53Z,0,"This one comes close for me but misses the top 3 bc it’s arguably not explicitly enough about “falling” either (idk about you but in my mind the “falling” typically occurs, at least in large part, prior to the point at which I would actually kiss the person in question…)",a75523622c3f41aab48f78e001972052
spotify:track:0PKmDncVOiNQLO6D1P6PXi,c1b6888dec1e4113b65883ad590d3969,2025-05-29T13:06:03Z,1,,a75523622c3f41aab48f78e001972052
spotify:track:6klpXs2uAjagnZMFkt4qkl,c1b6888dec1e4113b65883ad590d3969,2025-05-29T13:06:03Z,-1,,a75523622c3f41aab48f78e001972052
spotify:track:786NsUYn4GGUf8AOt0SQhP,c1b6888dec1e4113b65883ad590d3969,2025-05-29T13:06:03Z,1,,a75523622c3f41aab48f78e001972052
spotify:track:7pOWWGpUc3T05IXfymgIP3,c1b6888dec1e4113b65883ad590d3969,2025-05-29T13:06:03Z,1,,a75523622c3f41aab48f78e001972052
spotify:track:0eDwzWuy2gf1RJzqWl0dkF,80a489147c544db5a53c5cede65c4617,2025-05-29T13:33:07Z,-1,This holds no appeal to me,a75523622c3f41aab48f78e001972052
spotify:track:0PKmDncVOiNQLO6D1P6PXi,80a489147c544db5a53c5cede65c4617,2025-05-29T13:33:07Z,1,Banger. Great angle on falling in love with the denial and whatnot,a75523622c3f41aab48f78e001972052
spotify:track:2VEZx7NWsZ1D0eJ4uv5Fym,80a489147c544db5a53c5cede65c4617,2025-05-29T13:33:07Z,0,"Musically pretty slick and better than I was expecting from what I’ve heard of Daft Punk, but the lyrical angle is not especially interesting here",a75523622c3f41aab48f78e001972052
spotify:track:4ccM2xBxicGigjLqt6A0YY,80a489147c544db5a53c5cede65c4617,2025-05-29T13:33:07Z,0,Better than I was expecting but a bit too major key,a75523622c3f41aab48f78e001972052
spotify:track:4J0DbyODwZJcmIAiTSJfMF,80a489147c544db5a53c5cede65c4617,2025-05-29T13:33:07Z,0,"Incredible and tear jerking song, but where’s the “falling” part?",a75523622c3f41aab48f78e001972052
spotify:track:4JGKZS7h4Qa16gOU3oNETV,80a489147c544db5a53c5cede65c4617,2025-05-29T13:33:07Z,0,Tormacore ,a75523622c3f41aab48f78e001972052
spotify:track:5ao5BeXUi0FRKoP58rsUXB,80a489147c544db5a53c5cede65c4617,2025-05-29T13:33:07Z,2,Ought vibes from this lovely little Lizzy track. Dwelling on whether falling in love is supposed to feel a certain way resonates. Great musically and lyrically as always,a75523622c3f41aab48f78e001972052
spotify:track:786NsUYn4GGUf8AOt0SQhP,80a489147c544db5a53c5cede65c4617,2025-05-29T13:33:07Z,0,Kind of sounds like U2 with the guitar leads especially. Unfortunately doesn’t grab me,a75523622c3f41aab48f78e001972052
spotify:track:7pOWWGpUc3T05IXfymgIP3,80a489147c544db5a53c5cede65c4617,2025-05-29T13:33:07Z,0,"Music like this rarely feels heartfelt like, say the Lizzy on here",a75523622c3f41aab48f78e001972052
spotify:track:7pOWWGpUc3T05IXfymgIP3,9800e906592547f4ab0717aa56097b49,2025-05-29T14:46:29Z,0,Great song but didn’t compel me as much as others. It does get the “when you know you know” vibe right ,a75523622c3f41aab48f78e001972052
spotify:track:4JGKZS7h4Qa16gOU3oNETV,9800e906592547f4ab0717aa56097b49,2025-05-29T14:46:29Z,1,"This is probably the definitive answer. There’s a special thing where a song not just describes the thing it’s trying to convey through lyrics, but really FEELS like it, in its very essence. 
This was my first love’s favorite song, and after we broke up I didn’t listen to it for 5 years, except one time when it came on the radio in a steak and shake in Rosemont, IL and triggered an existential crisis ",a75523622c3f41aab48f78e001972052
spotify:track:5ao5BeXUi0FRKoP58rsUXB,9800e906592547f4ab0717aa56097b49,2025-05-29T14:46:29Z,-1,"“If he wanted to, he would” set to lyrics. “Is this what it’s supposed to feel like?” NO

Girl you are not falling in love you are being dragged along by a man who considers you an afterthought he can return to when convenient ",a75523622c3f41aab48f78e001972052
spotify:track:6klpXs2uAjagnZMFkt4qkl,9800e906592547f4ab0717aa56097b49,2025-05-29T14:46:29Z,1,"I loved both Disney songs this round, but have to vote for this one because it surprised me while the other is a tried and true classic ",a75523622c3f41aab48f78e001972052
spotify:track:0eDwzWuy2gf1RJzqWl0dkF,9800e906592547f4ab0717aa56097b49,2025-05-29T14:46:29Z,0,"Kind of forgettable for me. I feel this is a Judd pick, so I fear I betray him with this comment. But I cannot tell a lie ",a75523622c3f41aab48f78e001972052
spotify:track:0PKmDncVOiNQLO6D1P6PXi,9800e906592547f4ab0717aa56097b49,2025-05-29T14:46:29Z,0,"I loved both Disney songs this round, but have to vote for the other because it surprised me while this is a tried and true classic ",a75523622c3f41aab48f78e001972052
spotify:track:2VEZx7NWsZ1D0eJ4uv5Fym,9800e906592547f4ab0717aa56097b49,2025-05-29T14:46:29Z,0,This was so good. Loved the song but didn’t make me feel the vibe of the theme. ,a75523622c3f41aab48f78e001972052
spotify:track:4ccM2xBxicGigjLqt6A0YY,9800e906592547f4ab0717aa56097b49,2025-05-29T14:46:29Z,1,This is what it actually feel like imo,a75523622c3f41aab48f78e001972052
spotify:track:4J0DbyODwZJcmIAiTSJfMF,9800e906592547f4ab0717aa56097b49,2025-05-29T14:46:29Z,0,"Didn’t leave much impression overall, but a good song. ",a75523622c3f41aab48f78e001972052
spotify:track:4ccM2xBxicGigjLqt6A0YY,42db3c63b69a4479bedfcc2d22a6b73a,2025-05-29T16:57:11Z,1,,a75523622c3f41aab48f78e001972052
spotify:track:4J0DbyODwZJcmIAiTSJfMF,42db3c63b69a4479bedfcc2d22a6b73a,2025-05-29T16:57:11Z,1,,a75523622c3f41aab48f78e001972052
spotify:track:4JGKZS7h4Qa16gOU3oNETV,42db3c63b69a4479bedfcc2d22a6b73a,2025-05-29T16:57:11Z,1,,a75523622c3f41aab48f78e001972052
spotify:track:786NsUYn4GGUf8AOt0SQhP,42db3c63b69a4479bedfcc2d22a6b73a,2025-05-29T16:57:11Z,-1,,a75523622c3f41aab48f78e001972052
